query_id,query_text,tau_method,rank,cve_id,title,score
1,server-side request forgery SSRF in URL preview feature,Cosine (τ=1.0),1,CVE-2025-6087,SSRF vulnerability in opennextjs-cloudflare via /_next/image endpoint,0.878183
1,server-side request forgery SSRF in URL preview feature,Cosine (τ=1.0),2,CVE-2015-3141,(no title),0.878013
1,server-side request forgery SSRF in URL preview feature,Cosine (τ=1.0),3,CVE-2011-3684,(no title),0.876250
1,server-side request forgery SSRF in URL preview feature,Cosine (τ=1.0),4,CVE-2025-62427,Server-Side Request Forgery (SSRF) in Angular SSR,0.874320
1,server-side request forgery SSRF in URL preview feature,Cosine (τ=1.0),5,CVE-2022-3918,(no title),0.873249
1,server-side request forgery SSRF in URL preview feature,Cosine (τ=1.0),6,CVE-2020-11767,(no title),0.873106
1,server-side request forgery SSRF in URL preview feature,Cosine (τ=1.0),7,CVE-2015-6509,(no title),0.872469
1,server-side request forgery SSRF in URL preview feature,Cosine (τ=1.0),8,CVE-2025-64067,(no title),0.872333
1,server-side request forgery SSRF in URL preview feature,Cosine (τ=1.0),9,CVE-2012-3805,(no title),0.872052
1,server-side request forgery SSRF in URL preview feature,Cosine (τ=1.0),10,CVE-2007-5403,(no title),0.871974
1,server-side request forgery SSRF in URL preview feature,Cosine (τ=1.0),11,CVE-2007-0186,(no title),0.871035
1,server-side request forgery SSRF in URL preview feature,Cosine (τ=1.0),12,CVE-2012-3836,(no title),0.869923
1,server-side request forgery SSRF in URL preview feature,Cosine (τ=1.0),13,CVE-2014-4309,(no title),0.869407
1,server-side request forgery SSRF in URL preview feature,Cosine (τ=1.0),14,CVE-2013-2107,(no title),0.869301
1,server-side request forgery SSRF in URL preview feature,Cosine (τ=1.0),15,CVE-2022-35924,Verification requests (magic link) sent to unwanted emails,0.868122
1,server-side request forgery SSRF in URL preview feature,Hybrid (τ=0.72),1,CVE-2007-0186,(no title),0.903095
1,server-side request forgery SSRF in URL preview feature,Hybrid (τ=0.72),2,CVE-2009-3017,(no title),0.892629
1,server-side request forgery SSRF in URL preview feature,Hybrid (τ=0.72),3,CVE-2014-10014,(no title),0.891301
1,server-side request forgery SSRF in URL preview feature,Hybrid (τ=0.72),4,CVE-2021-31762,(no title),0.890666
1,server-side request forgery SSRF in URL preview feature,Hybrid (τ=0.72),5,CVE-2021-21644,(no title),0.890098
1,server-side request forgery SSRF in URL preview feature,Hybrid (τ=0.72),6,CVE-2014-9407,(no title),0.889517
1,server-side request forgery SSRF in URL preview feature,Hybrid (τ=0.72),7,CVE-2013-5954,(no title),0.889313
1,server-side request forgery SSRF in URL preview feature,Hybrid (τ=0.72),8,CVE-2014-3577,(no title),0.889256
1,server-side request forgery SSRF in URL preview feature,Hybrid (τ=0.72),9,CVE-2023-48293,XWiki Admin Tools Application CSRF with QueryOnXWiki allows arbitrary database queries,0.887602
1,server-side request forgery SSRF in URL preview feature,Hybrid (τ=0.72),10,CVE-2018-11633,(no title),0.887498
1,server-side request forgery SSRF in URL preview feature,Hybrid (τ=0.72),11,CVE-2026-1857,Gutenberg Blocks with AI by Kadence WP <= 3.6.1 - Authenticated (Contributor+) Server-Side Request Forgery via 'endpoint' Parameter,0.887367
1,server-side request forgery SSRF in URL preview feature,Hybrid (τ=0.72),12,CVE-2009-4571,(no title),0.887362
1,server-side request forgery SSRF in URL preview feature,Hybrid (τ=0.72),13,CVE-2014-3111,(no title),0.886213
1,server-side request forgery SSRF in URL preview feature,Hybrid (τ=0.72),14,CVE-2023-48653,(no title),0.886033
1,server-side request forgery SSRF in URL preview feature,Hybrid (τ=0.72),15,CVE-2011-5318,(no title),0.885233
1,server-side request forgery SSRF in URL preview feature,Taumode (τ=0.42),1,CVE-2007-0186,(no title),0.937446
1,server-side request forgery SSRF in URL preview feature,Taumode (τ=0.42),2,CVE-2009-3017,(no title),0.937099
1,server-side request forgery SSRF in URL preview feature,Taumode (τ=0.42),3,CVE-2021-21644,(no title),0.933583
1,server-side request forgery SSRF in URL preview feature,Taumode (τ=0.42),4,CVE-2023-48653,(no title),0.932620
1,server-side request forgery SSRF in URL preview feature,Taumode (τ=0.42),5,CVE-2014-10014,(no title),0.932364
1,server-side request forgery SSRF in URL preview feature,Taumode (τ=0.42),6,CVE-2013-2671,(no title),0.931514
1,server-side request forgery SSRF in URL preview feature,Taumode (τ=0.42),7,CVE-2023-48293,XWiki Admin Tools Application CSRF with QueryOnXWiki allows arbitrary database queries,0.930294
1,server-side request forgery SSRF in URL preview feature,Taumode (τ=0.42),8,CVE-2005-3997,(no title),0.929851
1,server-side request forgery SSRF in URL preview feature,Taumode (τ=0.42),9,CVE-2017-5368,(no title),0.929098
1,server-side request forgery SSRF in URL preview feature,Taumode (τ=0.42),10,CVE-2018-11586,(no title),0.929065
1,server-side request forgery SSRF in URL preview feature,Taumode (τ=0.42),11,CVE-2018-11633,(no title),0.928345
1,server-side request forgery SSRF in URL preview feature,Taumode (τ=0.42),12,CVE-2010-2281,(no title),0.927900
1,server-side request forgery SSRF in URL preview feature,Taumode (τ=0.42),13,CVE-2013-4881,(no title),0.927430
1,server-side request forgery SSRF in URL preview feature,Taumode (τ=0.42),14,CVE-2024-1535,(no title),0.927252
1,server-side request forgery SSRF in URL preview feature,Taumode (τ=0.42),15,CVE-2014-3111,(no title),0.927096
2,stored cross-site scripting XSS in user profile page,Cosine (τ=1.0),1,CVE-2025-68352,spi: ch341: fix out-of-bounds memory access in ch341_transfer_one,0.799507
2,stored cross-site scripting XSS in user profile page,Cosine (τ=1.0),2,CVE-2021-30019,(no title),0.793023
2,stored cross-site scripting XSS in user profile page,Cosine (τ=1.0),3,CVE-2020-14309,(no title),0.788648
2,stored cross-site scripting XSS in user profile page,Cosine (τ=1.0),4,CVE-2018-10540,(no title),0.787972
2,stored cross-site scripting XSS in user profile page,Cosine (τ=1.0),5,CVE-2025-59729,Heap-buffer-overflow read in FFmpeg DHAV get_duration,0.787429
2,stored cross-site scripting XSS in user profile page,Cosine (τ=1.0),6,CVE-2023-53474,x86/MCE/AMD: Use an u64 for bank_map,0.784514
2,stored cross-site scripting XSS in user profile page,Cosine (τ=1.0),7,CVE-2010-3014,(no title),0.783342
2,stored cross-site scripting XSS in user profile page,Cosine (τ=1.0),8,CVE-2017-11640,(no title),0.782572
2,stored cross-site scripting XSS in user profile page,Cosine (τ=1.0),9,CVE-2020-14937,(no title),0.781944
2,stored cross-site scripting XSS in user profile page,Cosine (τ=1.0),10,CVE-2022-28658,(no title),0.781048
2,stored cross-site scripting XSS in user profile page,Cosine (τ=1.0),11,CVE-2022-48665,exfat: fix overflow for large capacity partition,0.780232
2,stored cross-site scripting XSS in user profile page,Cosine (τ=1.0),12,CVE-2022-24795,Buffer Overflow and Integer Overflow in yajl-ruby,0.779991
2,stored cross-site scripting XSS in user profile page,Cosine (τ=1.0),13,CVE-2019-6488,(no title),0.779051
2,stored cross-site scripting XSS in user profile page,Cosine (τ=1.0),14,CVE-2023-53707,drm/amdgpu: Fix integer overflow in amdgpu_cs_pass1,0.778741
2,stored cross-site scripting XSS in user profile page,Cosine (τ=1.0),15,CVE-2018-10539,(no title),0.778653
2,stored cross-site scripting XSS in user profile page,Hybrid (τ=0.72),1,CVE-2025-68352,spi: ch341: fix out-of-bounds memory access in ch341_transfer_one,0.855642
2,stored cross-site scripting XSS in user profile page,Hybrid (τ=0.72),2,CVE-2021-30019,(no title),0.850896
2,stored cross-site scripting XSS in user profile page,Hybrid (τ=0.72),3,CVE-2020-14309,(no title),0.847817
2,stored cross-site scripting XSS in user profile page,Hybrid (τ=0.72),4,CVE-2018-10540,(no title),0.847324
2,stored cross-site scripting XSS in user profile page,Hybrid (τ=0.72),5,CVE-2025-59729,Heap-buffer-overflow read in FFmpeg DHAV get_duration,0.846785
2,stored cross-site scripting XSS in user profile page,Hybrid (τ=0.72),6,CVE-2023-53474,x86/MCE/AMD: Use an u64 for bank_map,0.844795
2,stored cross-site scripting XSS in user profile page,Hybrid (τ=0.72),7,CVE-2010-3014,(no title),0.843974
2,stored cross-site scripting XSS in user profile page,Hybrid (τ=0.72),8,CVE-2017-11640,(no title),0.843427
2,stored cross-site scripting XSS in user profile page,Hybrid (τ=0.72),9,CVE-2020-14937,(no title),0.842978
2,stored cross-site scripting XSS in user profile page,Hybrid (τ=0.72),10,CVE-2022-28658,(no title),0.842308
2,stored cross-site scripting XSS in user profile page,Hybrid (τ=0.72),11,CVE-2022-48665,exfat: fix overflow for large capacity partition,0.841748
2,stored cross-site scripting XSS in user profile page,Hybrid (τ=0.72),12,CVE-2022-24795,Buffer Overflow and Integer Overflow in yajl-ruby,0.841551
2,stored cross-site scripting XSS in user profile page,Hybrid (τ=0.72),13,CVE-2023-53707,drm/amdgpu: Fix integer overflow in amdgpu_cs_pass1,0.840690
2,stored cross-site scripting XSS in user profile page,Hybrid (τ=0.72),14,CVE-2018-10539,(no title),0.840564
2,stored cross-site scripting XSS in user profile page,Hybrid (τ=0.72),15,CVE-2019-13238,(no title),0.840072
2,stored cross-site scripting XSS in user profile page,Taumode (τ=0.42),1,CVE-2025-68352,spi: ch341: fix out-of-bounds memory access in ch341_transfer_one,0.915786
2,stored cross-site scripting XSS in user profile page,Taumode (τ=0.42),2,CVE-2021-30019,(no title),0.912902
2,stored cross-site scripting XSS in user profile page,Taumode (τ=0.42),3,CVE-2020-14309,(no title),0.911212
2,stored cross-site scripting XSS in user profile page,Taumode (τ=0.42),4,CVE-2018-10540,(no title),0.910916
2,stored cross-site scripting XSS in user profile page,Taumode (τ=0.42),5,CVE-2025-59729,Heap-buffer-overflow read in FFmpeg DHAV get_duration,0.910380
2,stored cross-site scripting XSS in user profile page,Taumode (τ=0.42),6,CVE-2023-53474,x86/MCE/AMD: Use an u64 for bank_map,0.909383
2,stored cross-site scripting XSS in user profile page,Taumode (τ=0.42),7,CVE-2010-3014,(no title),0.908938
2,stored cross-site scripting XSS in user profile page,Taumode (τ=0.42),8,CVE-2017-11640,(no title),0.908628
2,stored cross-site scripting XSS in user profile page,Taumode (τ=0.42),9,CVE-2020-14937,(no title),0.908371
2,stored cross-site scripting XSS in user profile page,Taumode (τ=0.42),10,CVE-2022-28658,(no title),0.907944
2,stored cross-site scripting XSS in user profile page,Taumode (τ=0.42),11,CVE-2022-48665,exfat: fix overflow for large capacity partition,0.907658
2,stored cross-site scripting XSS in user profile page,Taumode (τ=0.42),12,CVE-2022-24795,Buffer Overflow and Integer Overflow in yajl-ruby,0.907509
2,stored cross-site scripting XSS in user profile page,Taumode (τ=0.42),13,CVE-2023-53707,drm/amdgpu: Fix integer overflow in amdgpu_cs_pass1,0.907065
2,stored cross-site scripting XSS in user profile page,Taumode (τ=0.42),14,CVE-2018-10539,(no title),0.906898
2,stored cross-site scripting XSS in user profile page,Taumode (τ=0.42),15,CVE-2021-47444,drm/edid: In connector_bad_edid() cap num_of_ext by num_blocks read,0.906480
3,denial of service via malformed network packets,Cosine (τ=1.0),1,CVE-2020-36151,(no title),0.776264
3,denial of service via malformed network packets,Cosine (τ=1.0),2,CVE-2025-22920,(no title),0.772808
3,denial of service via malformed network packets,Cosine (τ=1.0),3,CVE-2021-30019,(no title),0.768191
3,denial of service via malformed network packets,Cosine (τ=1.0),4,CVE-2020-36150,(no title),0.760061
3,denial of service via malformed network packets,Cosine (τ=1.0),5,CVE-2024-32620,(no title),0.754219
3,denial of service via malformed network packets,Cosine (τ=1.0),6,CVE-2017-11532,(no title),0.752852
3,denial of service via malformed network packets,Cosine (τ=1.0),7,CVE-2017-13135,(no title),0.751183
3,denial of service via malformed network packets,Cosine (τ=1.0),8,CVE-2021-44920,(no title),0.749102
3,denial of service via malformed network packets,Cosine (τ=1.0),9,CVE-2022-49249,ASoC: codecs: wc938x: fix accessing array out of bounds for enum type,0.748969
3,denial of service via malformed network packets,Cosine (τ=1.0),10,CVE-2025-37816,mei: vsc: Fix fortify-panic caused by invalid counted_by() use,0.746848
3,denial of service via malformed network packets,Cosine (τ=1.0),11,CVE-2024-29161,(no title),0.746383
3,denial of service via malformed network packets,Cosine (τ=1.0),12,CVE-2020-14212,(no title),0.745798
3,denial of service via malformed network packets,Cosine (τ=1.0),13,CVE-2024-32618,(no title),0.745269
3,denial of service via malformed network packets,Cosine (τ=1.0),14,CVE-2019-19959,(no title),0.744722
3,denial of service via malformed network packets,Cosine (τ=1.0),15,CVE-2022-50390,drm/ttm: fix undefined behavior in bit shift for TTM_TT_FLAG_PRIV_POPULATED,0.744253
3,denial of service via malformed network packets,Hybrid (τ=0.72),1,CVE-2020-36151,(no title),0.838744
3,denial of service via malformed network packets,Hybrid (τ=0.72),2,CVE-2025-22920,(no title),0.836365
3,denial of service via malformed network packets,Hybrid (τ=0.72),3,CVE-2021-30019,(no title),0.832972
3,denial of service via malformed network packets,Hybrid (τ=0.72),4,CVE-2020-36150,(no title),0.827000
3,denial of service via malformed network packets,Hybrid (τ=0.72),5,CVE-2017-11532,(no title),0.821793
3,denial of service via malformed network packets,Hybrid (τ=0.72),6,CVE-2017-13135,(no title),0.820722
3,denial of service via malformed network packets,Hybrid (τ=0.72),7,CVE-2021-44920,(no title),0.819091
3,denial of service via malformed network packets,Hybrid (τ=0.72),8,CVE-2022-49249,ASoC: codecs: wc938x: fix accessing array out of bounds for enum type,0.818775
3,denial of service via malformed network packets,Hybrid (τ=0.72),9,CVE-2019-19959,(no title),0.815956
3,denial of service via malformed network packets,Hybrid (τ=0.72),10,CVE-2024-29163,(no title),0.815606
3,denial of service via malformed network packets,Hybrid (τ=0.72),11,CVE-2019-19958,(no title),0.815578
3,denial of service via malformed network packets,Hybrid (τ=0.72),12,CVE-2024-29157,(no title),0.815021
3,denial of service via malformed network packets,Hybrid (τ=0.72),13,CVE-2023-53679,wifi: mt7601u: fix an integer underflow,0.814784
3,denial of service via malformed network packets,Hybrid (τ=0.72),14,CVE-2025-51089,(no title),0.814651
3,denial of service via malformed network packets,Hybrid (τ=0.72),15,CVE-2024-35369,(no title),0.814400
3,denial of service via malformed network packets,Taumode (τ=0.42),1,CVE-2020-36151,(no title),0.905687
3,denial of service via malformed network packets,Taumode (τ=0.42),2,CVE-2025-22920,(no title),0.904462
3,denial of service via malformed network packets,Taumode (τ=0.42),3,CVE-2021-30019,(no title),0.902380
3,denial of service via malformed network packets,Taumode (τ=0.42),4,CVE-2020-36150,(no title),0.898719
3,denial of service via malformed network packets,Taumode (τ=0.42),5,CVE-2017-11532,(no title),0.895659
3,denial of service via malformed network packets,Taumode (τ=0.42),6,CVE-2017-13135,(no title),0.895229
3,denial of service via malformed network packets,Taumode (τ=0.42),7,CVE-2021-44920,(no title),0.894080
3,denial of service via malformed network packets,Taumode (τ=0.42),8,CVE-2022-49249,ASoC: codecs: wc938x: fix accessing array out of bounds for enum type,0.893567
3,denial of service via malformed network packets,Taumode (τ=0.42),9,CVE-2019-19959,(no title),0.892278
3,denial of service via malformed network packets,Taumode (τ=0.42),10,CVE-2024-29163,(no title),0.892119
3,denial of service via malformed network packets,Taumode (τ=0.42),11,CVE-2019-19958,(no title),0.892091
3,denial of service via malformed network packets,Taumode (τ=0.42),12,CVE-2023-53679,wifi: mt7601u: fix an integer underflow,0.891745
3,denial of service via malformed network packets,Taumode (τ=0.42),13,CVE-2024-29157,(no title),0.891728
3,denial of service via malformed network packets,Taumode (τ=0.42),14,CVE-2025-51089,(no title),0.891373
3,denial of service via malformed network packets,Taumode (τ=0.42),15,CVE-2024-35369,(no title),0.891348
4,remote code execution in ERP web component,Cosine (τ=1.0),1,CVE-2022-50255,tracing: Fix reading strings from synthetic events,0.813032
4,remote code execution in ERP web component,Cosine (τ=1.0),2,CVE-2008-1736,(no title),0.811578
4,remote code execution in ERP web component,Cosine (τ=1.0),3,CVE-2007-5042,(no title),0.811060
4,remote code execution in ERP web component,Cosine (τ=1.0),4,CVE-2007-4969,(no title),0.810605
4,remote code execution in ERP web component,Cosine (τ=1.0),5,CVE-2023-45503,(no title),0.808389
4,remote code execution in ERP web component,Cosine (τ=1.0),6,CVE-2012-3000,(no title),0.807924
4,remote code execution in ERP web component,Cosine (τ=1.0),7,CVE-2006-7160,(no title),0.806407
4,remote code execution in ERP web component,Cosine (τ=1.0),8,CVE-2012-2090,(no title),0.806368
4,remote code execution in ERP web component,Cosine (τ=1.0),9,CVE-2006-0120,(no title),0.806021
4,remote code execution in ERP web component,Cosine (τ=1.0),10,CVE-2025-40362,ceph: fix multifs mds auth caps issue,0.804697
4,remote code execution in ERP web component,Cosine (τ=1.0),11,CVE-2025-12194,(no title),0.803961
4,remote code execution in ERP web component,Cosine (τ=1.0),12,CVE-2024-47141,pinmux: Use sequential access to access desc->pinmux data,0.803514
4,remote code execution in ERP web component,Cosine (τ=1.0),13,CVE-2016-9167,(no title),0.803322
4,remote code execution in ERP web component,Cosine (τ=1.0),14,CVE-2008-1855,(no title),0.802998
4,remote code execution in ERP web component,Cosine (τ=1.0),15,CVE-2007-4970,(no title),0.802972
4,remote code execution in ERP web component,Hybrid (τ=0.72),1,CVE-2009-3163,(no title),0.857292
4,remote code execution in ERP web component,Hybrid (τ=0.72),2,CVE-2007-5040,(no title),0.845072
4,remote code execution in ERP web component,Hybrid (τ=0.72),3,CVE-2008-1855,(no title),0.843917
4,remote code execution in ERP web component,Hybrid (τ=0.72),4,CVE-2013-6987,(no title),0.842631
4,remote code execution in ERP web component,Hybrid (τ=0.72),5,CVE-2024-47141,pinmux: Use sequential access to access desc->pinmux data,0.841118
4,remote code execution in ERP web component,Hybrid (τ=0.72),6,CVE-2011-0959,(no title),0.840821
4,remote code execution in ERP web component,Hybrid (τ=0.72),7,CVE-2008-1736,(no title),0.839384
4,remote code execution in ERP web component,Hybrid (τ=0.72),8,CVE-2024-37026,drm/xe: Only use reserved BCS instances for usm migrate exec queue,0.839272
4,remote code execution in ERP web component,Hybrid (τ=0.72),9,CVE-2025-63604,(no title),0.839043
4,remote code execution in ERP web component,Hybrid (τ=0.72),10,CVE-2023-53501,iommu/amd/iommu_v2: Fix pasid_state refcount dec hit 0 warning on pasid unbind,0.836953
4,remote code execution in ERP web component,Hybrid (τ=0.72),11,CVE-2007-4969,(no title),0.836381
4,remote code execution in ERP web component,Hybrid (τ=0.72),12,CVE-2025-12194,(no title),0.836323
4,remote code execution in ERP web component,Hybrid (τ=0.72),13,CVE-2007-0709,(no title),0.835757
4,remote code execution in ERP web component,Hybrid (τ=0.72),14,CVE-2004-2542,(no title),0.835093
4,remote code execution in ERP web component,Hybrid (τ=0.72),15,CVE-2025-68726,crypto: aead - Fix reqsize handling,0.833891
4,remote code execution in ERP web component,Taumode (τ=0.42),1,CVE-2009-3163,(no title),0.916059
4,remote code execution in ERP web component,Taumode (τ=0.42),2,CVE-2023-53501,iommu/amd/iommu_v2: Fix pasid_state refcount dec hit 0 warning on pasid unbind,0.903964
4,remote code execution in ERP web component,Taumode (τ=0.42),3,CVE-2004-2542,(no title),0.902945
4,remote code execution in ERP web component,Taumode (τ=0.42),4,CVE-2013-6987,(no title),0.901706
4,remote code execution in ERP web component,Taumode (τ=0.42),5,CVE-2011-4153,(no title),0.901146
4,remote code execution in ERP web component,Taumode (τ=0.42),6,CVE-2024-37026,drm/xe: Only use reserved BCS instances for usm migrate exec queue,0.900581
4,remote code execution in ERP web component,Taumode (τ=0.42),7,CVE-2009-4742,(no title),0.900029
4,remote code execution in ERP web component,Taumode (τ=0.42),8,CVE-2015-1028,(no title),0.899305
4,remote code execution in ERP web component,Taumode (τ=0.42),9,CVE-2020-10372,(no title),0.899153
4,remote code execution in ERP web component,Taumode (τ=0.42),10,CVE-2024-56539,wifi: mwifiex: Fix memcpy() field-spanning write warning in mwifiex_config_scan(),0.898954
4,remote code execution in ERP web component,Taumode (τ=0.42),11,CVE-2011-0959,(no title),0.898806
4,remote code execution in ERP web component,Taumode (τ=0.42),12,CVE-2025-68726,crypto: aead - Fix reqsize handling,0.898580
4,remote code execution in ERP web component,Taumode (τ=0.42),13,CVE-2008-0755,(no title),0.898324
4,remote code execution in ERP web component,Taumode (τ=0.42),14,CVE-2006-2286,(no title),0.897687
4,remote code execution in ERP web component,Taumode (τ=0.42),15,CVE-2009-3051,(no title),0.897394
5,heap buffer overflow in image processing library,Cosine (τ=1.0),1,CVE-2025-59154,Openfire allows potential identity spoofing via unsafe CN parsing,0.851320
5,heap buffer overflow in image processing library,Cosine (τ=1.0),2,CVE-2013-2583,(no title),0.848602
5,heap buffer overflow in image processing library,Cosine (τ=1.0),3,CVE-2009-4780,(no title),0.847581
5,heap buffer overflow in image processing library,Cosine (τ=1.0),4,CVE-2009-3487,(no title),0.846187
5,heap buffer overflow in image processing library,Cosine (τ=1.0),5,CVE-2025-66258,Stored Cross-Site Scripting via XML Injection,0.846044
5,heap buffer overflow in image processing library,Cosine (τ=1.0),6,CVE-2025-24813,Apache Tomcat: Potential RCE and/or information disclosure and/or information corruption with partial PUT,0.845921
5,heap buffer overflow in image processing library,Cosine (τ=1.0),7,CVE-2026-24048,Backstage has a Possible SSRF when reading from allowed URL's in `backend.reading.allow`,0.845246
5,heap buffer overflow in image processing library,Cosine (τ=1.0),8,CVE-2013-1646,(no title),0.843747
5,heap buffer overflow in image processing library,Cosine (τ=1.0),9,CVE-2008-6945,(no title),0.843629
5,heap buffer overflow in image processing library,Cosine (τ=1.0),10,CVE-2020-25205,(no title),0.842601
5,heap buffer overflow in image processing library,Cosine (τ=1.0),11,CVE-2023-22456,ViewVC XSS vulnerability in revision view changed paths,0.842224
5,heap buffer overflow in image processing library,Cosine (τ=1.0),12,CVE-2006-2349,(no title),0.841768
5,heap buffer overflow in image processing library,Cosine (τ=1.0),13,CVE-2020-5217,Directive injection when using dynamic overrides with user input in RubyGems secure_headers,0.841593
5,heap buffer overflow in image processing library,Cosine (τ=1.0),14,CVE-2026-25143,melange affected by potential host command execution via license-check YAML mode patch pipeline,0.840854
5,heap buffer overflow in image processing library,Cosine (τ=1.0),15,CVE-2013-4235,(no title),0.840653
5,heap buffer overflow in image processing library,Hybrid (τ=0.72),1,CVE-2025-59154,Openfire allows potential identity spoofing via unsafe CN parsing,0.892949
5,heap buffer overflow in image processing library,Hybrid (τ=0.72),2,CVE-2013-2583,(no title),0.890901
5,heap buffer overflow in image processing library,Hybrid (τ=0.72),3,CVE-2009-4780,(no title),0.890126
5,heap buffer overflow in image processing library,Hybrid (τ=0.72),4,CVE-2009-3487,(no title),0.889219
5,heap buffer overflow in image processing library,Hybrid (τ=0.72),5,CVE-2025-66258,Stored Cross-Site Scripting via XML Injection,0.889059
5,heap buffer overflow in image processing library,Hybrid (τ=0.72),6,CVE-2025-24813,Apache Tomcat: Potential RCE and/or information disclosure and/or information corruption with partial PUT,0.889028
5,heap buffer overflow in image processing library,Hybrid (τ=0.72),7,CVE-2026-24048,Backstage has a Possible SSRF when reading from allowed URL's in `backend.reading.allow`,0.888560
5,heap buffer overflow in image processing library,Hybrid (τ=0.72),8,CVE-2013-1646,(no title),0.887425
5,heap buffer overflow in image processing library,Hybrid (τ=0.72),9,CVE-2008-6945,(no title),0.887346
5,heap buffer overflow in image processing library,Hybrid (τ=0.72),10,CVE-2020-25205,(no title),0.886604
5,heap buffer overflow in image processing library,Hybrid (τ=0.72),11,CVE-2023-22456,ViewVC XSS vulnerability in revision view changed paths,0.886395
5,heap buffer overflow in image processing library,Hybrid (τ=0.72),12,CVE-2006-2349,(no title),0.885981
5,heap buffer overflow in image processing library,Hybrid (τ=0.72),13,CVE-2020-5217,Directive injection when using dynamic overrides with user input in RubyGems secure_headers,0.885904
5,heap buffer overflow in image processing library,Hybrid (τ=0.72),14,CVE-2026-25143,melange affected by potential host command execution via license-check YAML mode patch pipeline,0.885400
5,heap buffer overflow in image processing library,Hybrid (τ=0.72),15,CVE-2013-4235,(no title),0.885218
5,heap buffer overflow in image processing library,Taumode (τ=0.42),1,CVE-2025-59154,Openfire allows potential identity spoofing via unsafe CN parsing,0.937551
5,heap buffer overflow in image processing library,Taumode (τ=0.42),2,CVE-2013-2583,(no title),0.936222
5,heap buffer overflow in image processing library,Taumode (τ=0.42),3,CVE-2009-4780,(no title),0.935710
5,heap buffer overflow in image processing library,Taumode (τ=0.42),4,CVE-2009-3487,(no title),0.935325
5,heap buffer overflow in image processing library,Taumode (τ=0.42),5,CVE-2025-24813,Apache Tomcat: Potential RCE and/or information disclosure and/or information corruption with partial PUT,0.935214
5,heap buffer overflow in image processing library,Taumode (τ=0.42),6,CVE-2025-66258,Stored Cross-Site Scripting via XML Injection,0.935146
5,heap buffer overflow in image processing library,Taumode (τ=0.42),7,CVE-2026-24048,Backstage has a Possible SSRF when reading from allowed URL's in `backend.reading.allow`,0.934968
5,heap buffer overflow in image processing library,Taumode (τ=0.42),8,CVE-2013-1646,(no title),0.934223
5,heap buffer overflow in image processing library,Taumode (τ=0.42),9,CVE-2008-6945,(no title),0.934184
5,heap buffer overflow in image processing library,Taumode (τ=0.42),10,CVE-2020-25205,(no title),0.933749
5,heap buffer overflow in image processing library,Taumode (τ=0.42),11,CVE-2023-22456,ViewVC XSS vulnerability in revision view changed paths,0.933722
5,heap buffer overflow in image processing library,Taumode (τ=0.42),12,CVE-2020-5217,Directive injection when using dynamic overrides with user input in RubyGems secure_headers,0.933380
5,heap buffer overflow in image processing library,Taumode (τ=0.42),13,CVE-2006-2349,(no title),0.933352
5,heap buffer overflow in image processing library,Taumode (τ=0.42),14,CVE-2026-25143,melange affected by potential host command execution via license-check YAML mode patch pipeline,0.933128
5,heap buffer overflow in image processing library,Taumode (τ=0.42),15,CVE-2013-4235,(no title),0.932966
6,authenticated arbitrary file read path traversal,Cosine (τ=1.0),1,CVE-2014-7864,(no title),0.841434
6,authenticated arbitrary file read path traversal,Cosine (τ=1.0),2,CVE-2023-45503,(no title),0.838989
6,authenticated arbitrary file read path traversal,Cosine (τ=1.0),3,CVE-2005-2865,(no title),0.837860
6,authenticated arbitrary file read path traversal,Cosine (τ=1.0),4,CVE-2019-19034,(no title),0.834496
6,authenticated arbitrary file read path traversal,Cosine (τ=1.0),5,CVE-2012-4347,(no title),0.832503
6,authenticated arbitrary file read path traversal,Cosine (τ=1.0),6,CVE-2015-9226,(no title),0.832000
6,authenticated arbitrary file read path traversal,Cosine (τ=1.0),7,CVE-2019-6716,(no title),0.830758
6,authenticated arbitrary file read path traversal,Cosine (τ=1.0),8,CVE-2023-46350,(no title),0.830623
6,authenticated arbitrary file read path traversal,Cosine (τ=1.0),9,CVE-2012-1289,(no title),0.830047
6,authenticated arbitrary file read path traversal,Cosine (τ=1.0),10,CVE-2013-7216,(no title),0.829915
6,authenticated arbitrary file read path traversal,Cosine (τ=1.0),11,CVE-2025-63390,(no title),0.829451
6,authenticated arbitrary file read path traversal,Cosine (τ=1.0),12,CVE-2006-5303,(no title),0.829080
6,authenticated arbitrary file read path traversal,Cosine (τ=1.0),13,CVE-2025-40659,Insecure Direct Object Reference (IDOR) vulnerability in DM Corporative CMS,0.828624
6,authenticated arbitrary file read path traversal,Cosine (τ=1.0),14,CVE-2012-3469,(no title),0.828519
6,authenticated arbitrary file read path traversal,Cosine (τ=1.0),15,CVE-2019-13382,(no title),0.828228
6,authenticated arbitrary file read path traversal,Hybrid (τ=0.72),1,CVE-2023-45503,(no title),0.883977
6,authenticated arbitrary file read path traversal,Hybrid (τ=0.72),2,CVE-2012-4347,(no title),0.879368
6,authenticated arbitrary file read path traversal,Hybrid (τ=0.72),3,CVE-2023-46350,(no title),0.877928
6,authenticated arbitrary file read path traversal,Hybrid (τ=0.72),4,CVE-2012-1289,(no title),0.877503
6,authenticated arbitrary file read path traversal,Hybrid (τ=0.72),5,CVE-2013-7216,(no title),0.877377
6,authenticated arbitrary file read path traversal,Hybrid (τ=0.72),6,CVE-2019-19034,(no title),0.876905
6,authenticated arbitrary file read path traversal,Hybrid (τ=0.72),7,CVE-2025-63390,(no title),0.876904
6,authenticated arbitrary file read path traversal,Hybrid (τ=0.72),8,CVE-2006-5303,(no title),0.876820
6,authenticated arbitrary file read path traversal,Hybrid (τ=0.72),9,CVE-2025-40659,Insecure Direct Object Reference (IDOR) vulnerability in DM Corporative CMS,0.876472
6,authenticated arbitrary file read path traversal,Hybrid (τ=0.72),10,CVE-2019-13382,(no title),0.876070
6,authenticated arbitrary file read path traversal,Hybrid (τ=0.72),11,CVE-2025-40660,Insecure Direct Object Reference (IDOR) vulnerability in DM Corporative CMS,0.875999
6,authenticated arbitrary file read path traversal,Hybrid (τ=0.72),12,CVE-2009-1553,(no title),0.875520
6,authenticated arbitrary file read path traversal,Hybrid (τ=0.72),13,CVE-2025-40658,Insecure Direct Object Reference (IDOR) vulnerability in DM Corporative CMS,0.874005
6,authenticated arbitrary file read path traversal,Hybrid (τ=0.72),14,CVE-2017-5965,(no title),0.873334
6,authenticated arbitrary file read path traversal,Hybrid (τ=0.72),15,CVE-2016-0492,(no title),0.873275
6,authenticated arbitrary file read path traversal,Taumode (τ=0.42),1,CVE-2023-45503,(no title),0.932178
6,authenticated arbitrary file read path traversal,Taumode (τ=0.42),2,CVE-2012-4347,(no title),0.929581
6,authenticated arbitrary file read path traversal,Taumode (τ=0.42),3,CVE-2023-46350,(no title),0.928612
6,authenticated arbitrary file read path traversal,Taumode (τ=0.42),4,CVE-2012-1289,(no title),0.928349
6,authenticated arbitrary file read path traversal,Taumode (τ=0.42),5,CVE-2013-7216,(no title),0.928229
6,authenticated arbitrary file read path traversal,Taumode (τ=0.42),6,CVE-2006-5303,(no title),0.927970
6,authenticated arbitrary file read path traversal,Taumode (τ=0.42),7,CVE-2025-63390,(no title),0.927746
6,authenticated arbitrary file read path traversal,Taumode (τ=0.42),8,CVE-2025-40659,Insecure Direct Object Reference (IDOR) vulnerability in DM Corporative CMS,0.927739
6,authenticated arbitrary file read path traversal,Taumode (τ=0.42),9,CVE-2025-40660,Insecure Direct Object Reference (IDOR) vulnerability in DM Corporative CMS,0.927417
6,authenticated arbitrary file read path traversal,Taumode (τ=0.42),10,CVE-2019-13382,(no title),0.927329
6,authenticated arbitrary file read path traversal,Taumode (τ=0.42),11,CVE-2009-1553,(no title),0.927260
6,authenticated arbitrary file read path traversal,Taumode (τ=0.42),12,CVE-2025-40658,Insecure Direct Object Reference (IDOR) vulnerability in DM Corporative CMS,0.926260
6,authenticated arbitrary file read path traversal,Taumode (τ=0.42),13,CVE-2016-0492,(no title),0.925893
6,authenticated arbitrary file read path traversal,Taumode (τ=0.42),14,CVE-2017-5965,(no title),0.925864
6,authenticated arbitrary file read path traversal,Taumode (τ=0.42),15,CVE-2022-29597,(no title),0.925521
7,integer overflow leading to heap corruption in video codec,Cosine (τ=1.0),1,CVE-2021-44877,(no title),0.848096
7,integer overflow leading to heap corruption in video codec,Cosine (τ=1.0),2,CVE-2008-3081,(no title),0.846037
7,integer overflow leading to heap corruption in video codec,Cosine (τ=1.0),3,CVE-2020-21524,(no title),0.840079
7,integer overflow leading to heap corruption in video codec,Cosine (τ=1.0),4,CVE-2022-31662,(no title),0.839233
7,integer overflow leading to heap corruption in video codec,Cosine (τ=1.0),5,CVE-2006-0732,(no title),0.837986
7,integer overflow leading to heap corruption in video codec,Cosine (τ=1.0),6,CVE-2019-20437,(no title),0.836804
7,integer overflow leading to heap corruption in video codec,Cosine (τ=1.0),7,CVE-2019-1003037,(no title),0.836687
7,integer overflow leading to heap corruption in video codec,Cosine (τ=1.0),8,CVE-2023-1203,(no title),0.836655
7,integer overflow leading to heap corruption in video codec,Cosine (τ=1.0),9,CVE-2018-20091,(no title),0.834275
7,integer overflow leading to heap corruption in video codec,Cosine (τ=1.0),10,CVE-2022-22959,(no title),0.834001
7,integer overflow leading to heap corruption in video codec,Cosine (τ=1.0),11,CVE-2024-37293,aws-deployment-framework's potential risk can lead to privilege escalation,0.833533
7,integer overflow leading to heap corruption in video codec,Cosine (τ=1.0),12,CVE-2024-10125,Lack of JWT issuer and signer validation,0.833426
7,integer overflow leading to heap corruption in video codec,Cosine (τ=1.0),13,CVE-2025-53663,(no title),0.833246
7,integer overflow leading to heap corruption in video codec,Cosine (τ=1.0),14,CVE-2022-22954,(no title),0.832167
7,integer overflow leading to heap corruption in video codec,Cosine (τ=1.0),15,CVE-2008-6706,(no title),0.831217
7,integer overflow leading to heap corruption in video codec,Hybrid (τ=0.72),1,CVE-2012-3469,(no title),0.858780
7,integer overflow leading to heap corruption in video codec,Hybrid (τ=0.72),2,CVE-2019-1003067,(no title),0.857587
7,integer overflow leading to heap corruption in video codec,Hybrid (τ=0.72),3,CVE-2006-2768,(no title),0.855135
7,integer overflow leading to heap corruption in video codec,Hybrid (τ=0.72),4,CVE-2006-3172,(no title),0.852391
7,integer overflow leading to heap corruption in video codec,Hybrid (τ=0.72),5,CVE-2015-0010,(no title),0.850309
7,integer overflow leading to heap corruption in video codec,Hybrid (τ=0.72),6,CVE-2023-7307,Sangfor Behavior Management System XML External Entity Injection,0.850174
7,integer overflow leading to heap corruption in video codec,Hybrid (τ=0.72),7,CVE-2008-0567,(no title),0.846857
7,integer overflow leading to heap corruption in video codec,Hybrid (τ=0.72),8,CVE-2012-5367,(no title),0.845076
7,integer overflow leading to heap corruption in video codec,Hybrid (τ=0.72),9,CVE-2009-4465,(no title),0.844315
7,integer overflow leading to heap corruption in video codec,Hybrid (τ=0.72),10,CVE-2014-9229,(no title),0.843548
7,integer overflow leading to heap corruption in video codec,Hybrid (τ=0.72),11,CVE-2006-0581,(no title),0.842628
7,integer overflow leading to heap corruption in video codec,Hybrid (τ=0.72),12,CVE-2008-6777,(no title),0.841475
7,integer overflow leading to heap corruption in video codec,Hybrid (τ=0.72),13,CVE-2014-3119,(no title),0.841067
7,integer overflow leading to heap corruption in video codec,Hybrid (τ=0.72),14,CVE-2024-7873,Stored XSS in Veribilim Software's Veribase Order Management,0.840767
7,integer overflow leading to heap corruption in video codec,Hybrid (τ=0.72),15,CVE-2012-3791,(no title),0.839498
7,integer overflow leading to heap corruption in video codec,Taumode (τ=0.42),1,CVE-2019-1003067,(no title),0.912093
7,integer overflow leading to heap corruption in video codec,Taumode (τ=0.42),2,CVE-2015-0010,(no title),0.911192
7,integer overflow leading to heap corruption in video codec,Taumode (τ=0.42),3,CVE-2006-2768,(no title),0.908002
7,integer overflow leading to heap corruption in video codec,Taumode (τ=0.42),4,CVE-2014-3119,(no title),0.906782
7,integer overflow leading to heap corruption in video codec,Taumode (τ=0.42),5,CVE-2009-4465,(no title),0.905918
7,integer overflow leading to heap corruption in video codec,Taumode (τ=0.42),6,CVE-2006-0581,(no title),0.905052
7,integer overflow leading to heap corruption in video codec,Taumode (τ=0.42),7,CVE-2014-7137,(no title),0.904913
7,integer overflow leading to heap corruption in video codec,Taumode (τ=0.42),8,CVE-2012-3469,(no title),0.904519
7,integer overflow leading to heap corruption in video codec,Taumode (τ=0.42),9,CVE-2006-3172,(no title),0.903764
7,integer overflow leading to heap corruption in video codec,Taumode (τ=0.42),10,CVE-2014-9229,(no title),0.903172
7,integer overflow leading to heap corruption in video codec,Taumode (τ=0.42),11,CVE-2024-7873,Stored XSS in Veribilim Software's Veribase Order Management,0.902392
7,integer overflow leading to heap corruption in video codec,Taumode (τ=0.42),12,CVE-2024-7248,Comodo Internet Security Pro Directory Traversal Local Privilege Escalation Vulnerability,0.902214
7,integer overflow leading to heap corruption in video codec,Taumode (τ=0.42),13,CVE-2019-0996,Azure DevOps Server Spoofing Vulnerability,0.901421
7,integer overflow leading to heap corruption in video codec,Taumode (τ=0.42),14,CVE-2006-5928,(no title),0.901047
7,integer overflow leading to heap corruption in video codec,Taumode (τ=0.42),15,CVE-2021-26837,(no title),0.900525
8,authentication bypass via JWT token manipulation,Cosine (τ=1.0),1,CVE-2018-12182,(no title),0.841674
8,authentication bypass via JWT token manipulation,Cosine (τ=1.0),2,CVE-2018-12179,(no title),0.839403
8,authentication bypass via JWT token manipulation,Cosine (τ=1.0),3,CVE-2018-3955,(no title),0.835667
8,authentication bypass via JWT token manipulation,Cosine (τ=1.0),4,CVE-2018-3954,(no title),0.835107
8,authentication bypass via JWT token manipulation,Cosine (τ=1.0),5,CVE-2018-3613,(no title),0.833469
8,authentication bypass via JWT token manipulation,Cosine (τ=1.0),6,CVE-2024-29855,(no title),0.831203
8,authentication bypass via JWT token manipulation,Cosine (τ=1.0),7,CVE-2018-3953,(no title),0.829045
8,authentication bypass via JWT token manipulation,Cosine (τ=1.0),8,CVE-2021-27608,(no title),0.828910
8,authentication bypass via JWT token manipulation,Cosine (τ=1.0),9,CVE-2018-12180,(no title),0.827833
8,authentication bypass via JWT token manipulation,Cosine (τ=1.0),10,CVE-2022-30316,(no title),0.827624
8,authentication bypass via JWT token manipulation,Cosine (τ=1.0),11,CVE-2023-39903,(no title),0.827431
8,authentication bypass via JWT token manipulation,Cosine (τ=1.0),12,CVE-2022-30314,(no title),0.827212
8,authentication bypass via JWT token manipulation,Cosine (τ=1.0),13,CVE-2018-12183,(no title),0.826951
8,authentication bypass via JWT token manipulation,Cosine (τ=1.0),14,CVE-2025-34234,Vasion Print (formerly PrinterLogic) Hardcoded Encryption Private Keys,0.824532
8,authentication bypass via JWT token manipulation,Cosine (τ=1.0),15,CVE-2022-30318,(no title),0.823661
8,authentication bypass via JWT token manipulation,Hybrid (τ=0.72),1,CVE-2018-12182,(no title),0.885983
8,authentication bypass via JWT token manipulation,Hybrid (τ=0.72),2,CVE-2018-12179,(no title),0.884326
8,authentication bypass via JWT token manipulation,Hybrid (τ=0.72),3,CVE-2018-3955,(no title),0.881637
8,authentication bypass via JWT token manipulation,Hybrid (τ=0.72),4,CVE-2024-29855,(no title),0.878446
8,authentication bypass via JWT token manipulation,Hybrid (τ=0.72),5,CVE-2018-3953,(no title),0.876805
8,authentication bypass via JWT token manipulation,Hybrid (τ=0.72),6,CVE-2021-27608,(no title),0.876692
8,authentication bypass via JWT token manipulation,Hybrid (τ=0.72),7,CVE-2018-12180,(no title),0.875998
8,authentication bypass via JWT token manipulation,Hybrid (τ=0.72),8,CVE-2022-30316,(no title),0.875865
8,authentication bypass via JWT token manipulation,Hybrid (τ=0.72),9,CVE-2023-39903,(no title),0.875733
8,authentication bypass via JWT token manipulation,Hybrid (τ=0.72),10,CVE-2022-30314,(no title),0.875566
8,authentication bypass via JWT token manipulation,Hybrid (τ=0.72),11,CVE-2018-12183,(no title),0.875353
8,authentication bypass via JWT token manipulation,Hybrid (τ=0.72),12,CVE-2025-34234,Vasion Print (formerly PrinterLogic) Hardcoded Encryption Private Keys,0.873509
8,authentication bypass via JWT token manipulation,Hybrid (τ=0.72),13,CVE-2022-30318,(no title),0.873019
8,authentication bypass via JWT token manipulation,Hybrid (τ=0.72),14,CVE-2024-43659,Plaintext default credentials in firmware,0.872495
8,authentication bypass via JWT token manipulation,Hybrid (τ=0.72),15,CVE-2022-30317,(no title),0.872328
8,authentication bypass via JWT token manipulation,Taumode (τ=0.42),1,CVE-2018-12182,(no title),0.933457
8,authentication bypass via JWT token manipulation,Taumode (τ=0.42),2,CVE-2018-12179,(no title),0.932458
8,authentication bypass via JWT token manipulation,Taumode (τ=0.42),3,CVE-2018-3955,(no title),0.930890
8,authentication bypass via JWT token manipulation,Taumode (τ=0.42),4,CVE-2024-29855,(no title),0.929063
8,authentication bypass via JWT token manipulation,Taumode (τ=0.42),5,CVE-2018-3953,(no title),0.927976
8,authentication bypass via JWT token manipulation,Taumode (τ=0.42),6,CVE-2021-27608,(no title),0.927886
8,authentication bypass via JWT token manipulation,Taumode (τ=0.42),7,CVE-2018-12180,(no title),0.927604
8,authentication bypass via JWT token manipulation,Taumode (τ=0.42),8,CVE-2022-30316,(no title),0.927552
8,authentication bypass via JWT token manipulation,Taumode (τ=0.42),9,CVE-2023-39903,(no title),0.927486
8,authentication bypass via JWT token manipulation,Taumode (τ=0.42),10,CVE-2022-30314,(no title),0.927373
8,authentication bypass via JWT token manipulation,Taumode (τ=0.42),11,CVE-2018-12183,(no title),0.927212
8,authentication bypass via JWT token manipulation,Taumode (τ=0.42),12,CVE-2025-34234,Vasion Print (formerly PrinterLogic) Hardcoded Encryption Private Keys,0.925984
8,authentication bypass via JWT token manipulation,Taumode (τ=0.42),13,CVE-2022-30318,(no title),0.925902
8,authentication bypass via JWT token manipulation,Taumode (τ=0.42),14,CVE-2024-43659,Plaintext default credentials in firmware,0.925524
8,authentication bypass via JWT token manipulation,Taumode (τ=0.42),15,CVE-2022-30317,(no title),0.925435
9,sensitive information disclosure in cloud metadata service,Cosine (τ=1.0),1,CVE-2008-4181,(no title),0.871229
9,sensitive information disclosure in cloud metadata service,Cosine (τ=1.0),2,CVE-2025-40362,ceph: fix multifs mds auth caps issue,0.870200
9,sensitive information disclosure in cloud metadata service,Cosine (τ=1.0),3,CVE-2018-19204,(no title),0.870102
9,sensitive information disclosure in cloud metadata service,Cosine (τ=1.0),4,CVE-2007-1057,(no title),0.869459
9,sensitive information disclosure in cloud metadata service,Cosine (τ=1.0),5,CVE-2006-2868,(no title),0.869233
9,sensitive information disclosure in cloud metadata service,Cosine (τ=1.0),6,CVE-2019-14969,(no title),0.868975
9,sensitive information disclosure in cloud metadata service,Cosine (τ=1.0),7,CVE-2019-9745,(no title),0.868813
9,sensitive information disclosure in cloud metadata service,Cosine (τ=1.0),8,CVE-2008-5776,(no title),0.868539
9,sensitive information disclosure in cloud metadata service,Cosine (τ=1.0),9,CVE-2009-3702,(no title),0.868477
9,sensitive information disclosure in cloud metadata service,Cosine (τ=1.0),10,CVE-2006-4258,(no title),0.868369
9,sensitive information disclosure in cloud metadata service,Cosine (τ=1.0),11,CVE-2022-28005,(no title),0.867756
9,sensitive information disclosure in cloud metadata service,Cosine (τ=1.0),12,CVE-2020-5846,(no title),0.867544
9,sensitive information disclosure in cloud metadata service,Cosine (τ=1.0),13,CVE-2021-28374,(no title),0.866510
9,sensitive information disclosure in cloud metadata service,Cosine (τ=1.0),14,CVE-2002-1469,(no title),0.866377
9,sensitive information disclosure in cloud metadata service,Cosine (τ=1.0),15,CVE-2007-6233,(no title),0.866272
9,sensitive information disclosure in cloud metadata service,Hybrid (τ=0.72),1,CVE-2008-4181,(no title),0.907132
9,sensitive information disclosure in cloud metadata service,Hybrid (τ=0.72),2,CVE-2025-40362,ceph: fix multifs mds auth caps issue,0.906482
9,sensitive information disclosure in cloud metadata service,Hybrid (τ=0.72),3,CVE-2018-19204,(no title),0.906384
9,sensitive information disclosure in cloud metadata service,Hybrid (τ=0.72),4,CVE-2007-1057,(no title),0.905896
9,sensitive information disclosure in cloud metadata service,Hybrid (τ=0.72),5,CVE-2006-2868,(no title),0.905713
9,sensitive information disclosure in cloud metadata service,Hybrid (τ=0.72),6,CVE-2019-9745,(no title),0.905472
9,sensitive information disclosure in cloud metadata service,Hybrid (τ=0.72),7,CVE-2009-3702,(no title),0.905191
9,sensitive information disclosure in cloud metadata service,Hybrid (τ=0.72),8,CVE-2008-5776,(no title),0.905189
9,sensitive information disclosure in cloud metadata service,Hybrid (τ=0.72),9,CVE-2022-28005,(no title),0.904696
9,sensitive information disclosure in cloud metadata service,Hybrid (τ=0.72),10,CVE-2020-5846,(no title),0.904580
9,sensitive information disclosure in cloud metadata service,Hybrid (τ=0.72),11,CVE-2021-28374,(no title),0.903758
9,sensitive information disclosure in cloud metadata service,Hybrid (τ=0.72),12,CVE-2002-1469,(no title),0.903692
9,sensitive information disclosure in cloud metadata service,Hybrid (τ=0.72),13,CVE-2011-4800,(no title),0.903617
9,sensitive information disclosure in cloud metadata service,Hybrid (τ=0.72),14,CVE-2007-6233,(no title),0.903586
9,sensitive information disclosure in cloud metadata service,Hybrid (τ=0.72),15,CVE-2025-45582,(no title),0.903411
9,sensitive information disclosure in cloud metadata service,Taumode (τ=0.42),1,CVE-2008-4181,(no title),0.945600
9,sensitive information disclosure in cloud metadata service,Taumode (τ=0.42),2,CVE-2025-40362,ceph: fix multifs mds auth caps issue,0.945355
9,sensitive information disclosure in cloud metadata service,Taumode (τ=0.42),3,CVE-2018-19204,(no title),0.945257
9,sensitive information disclosure in cloud metadata service,Taumode (τ=0.42),4,CVE-2007-1057,(no title),0.944936
9,sensitive information disclosure in cloud metadata service,Taumode (τ=0.42),5,CVE-2006-2868,(no title),0.944798
9,sensitive information disclosure in cloud metadata service,Taumode (τ=0.42),6,CVE-2019-9745,(no title),0.944749
9,sensitive information disclosure in cloud metadata service,Taumode (τ=0.42),7,CVE-2009-3702,(no title),0.944528
9,sensitive information disclosure in cloud metadata service,Taumode (τ=0.42),8,CVE-2008-5776,(no title),0.944456
9,sensitive information disclosure in cloud metadata service,Taumode (τ=0.42),9,CVE-2022-28005,(no title),0.944274
9,sensitive information disclosure in cloud metadata service,Taumode (τ=0.42),10,CVE-2020-5846,(no title),0.944260
9,sensitive information disclosure in cloud metadata service,Taumode (τ=0.42),11,CVE-2011-4800,(no title),0.943719
9,sensitive information disclosure in cloud metadata service,Taumode (τ=0.42),12,CVE-2002-1469,(no title),0.943672
9,sensitive information disclosure in cloud metadata service,Taumode (τ=0.42),13,CVE-2021-28374,(no title),0.943667
9,sensitive information disclosure in cloud metadata service,Taumode (τ=0.42),14,CVE-2007-6233,(no title),0.943566
9,sensitive information disclosure in cloud metadata service,Taumode (τ=0.42),15,CVE-2025-45582,(no title),0.943514
10,use-after-free vulnerability in browser rendering engine,Cosine (τ=1.0),1,CVE-2025-21688,drm/v3d: Assign job pointer to NULL before signaling the fence,0.866281
10,use-after-free vulnerability in browser rendering engine,Cosine (τ=1.0),2,CVE-2021-47223,net: bridge: fix vlan tunnel dst null pointer dereference,0.859420
10,use-after-free vulnerability in browser rendering engine,Cosine (τ=1.0),3,CVE-2022-48801,iio: buffer: Fix file related error handling in IIO_BUFFER_GET_FD_IOCTL,0.857942
10,use-after-free vulnerability in browser rendering engine,Cosine (τ=1.0),4,CVE-2023-53503,ext4: allow ext4_get_group_info() to fail,0.857794
10,use-after-free vulnerability in browser rendering engine,Cosine (τ=1.0),5,CVE-2025-40341,futex: Don't leak robust_list pointer on exec race,0.857630
10,use-after-free vulnerability in browser rendering engine,Cosine (τ=1.0),6,CVE-2024-43882,exec: Fix ToCToU between perm check and set-uid/gid usage,0.857394
10,use-after-free vulnerability in browser rendering engine,Cosine (τ=1.0),7,CVE-2025-21664,dm thin: make get_first_thin use rcu-safe list first function,0.856757
10,use-after-free vulnerability in browser rendering engine,Cosine (τ=1.0),8,CVE-2021-27363,(no title),0.856197
10,use-after-free vulnerability in browser rendering engine,Cosine (τ=1.0),9,CVE-2023-4759,Improper handling of case insensitive filesystems in Eclipse JGit allows arbitrary file write,0.856033
10,use-after-free vulnerability in browser rendering engine,Cosine (τ=1.0),10,CVE-2024-26585,tls: fix race between tx work scheduling and socket close,0.854876
10,use-after-free vulnerability in browser rendering engine,Cosine (τ=1.0),11,CVE-2024-57974,udp: Deal with race between UDP socket address change and rehash,0.854297
10,use-after-free vulnerability in browser rendering engine,Cosine (τ=1.0),12,CVE-2024-36024,drm/amd/display: Disable idle reallow as part of command/gpint execution,0.854018
10,use-after-free vulnerability in browser rendering engine,Cosine (τ=1.0),13,CVE-2023-53596,drivers: base: Free devm resources when unregistering a device,0.853774
10,use-after-free vulnerability in browser rendering engine,Cosine (τ=1.0),14,CVE-2023-53235,drm/tests: helpers: Avoid a driver uaf,0.853761
10,use-after-free vulnerability in browser rendering engine,Cosine (τ=1.0),15,CVE-2025-38060,bpf: copy_verifier_state() should copy 'loop_entry' field,0.853629
10,use-after-free vulnerability in browser rendering engine,Hybrid (τ=0.72),1,CVE-2025-21688,drm/v3d: Assign job pointer to NULL before signaling the fence,0.903583
10,use-after-free vulnerability in browser rendering engine,Hybrid (τ=0.72),2,CVE-2021-47223,net: bridge: fix vlan tunnel dst null pointer dereference,0.898717
10,use-after-free vulnerability in browser rendering engine,Hybrid (τ=0.72),3,CVE-2022-48801,iio: buffer: Fix file related error handling in IIO_BUFFER_GET_FD_IOCTL,0.897695
10,use-after-free vulnerability in browser rendering engine,Hybrid (τ=0.72),4,CVE-2023-53503,ext4: allow ext4_get_group_info() to fail,0.897561
10,use-after-free vulnerability in browser rendering engine,Hybrid (τ=0.72),5,CVE-2025-40341,futex: Don't leak robust_list pointer on exec race,0.897379
10,use-after-free vulnerability in browser rendering engine,Hybrid (τ=0.72),6,CVE-2025-21664,dm thin: make get_first_thin use rcu-safe list first function,0.896791
10,use-after-free vulnerability in browser rendering engine,Hybrid (τ=0.72),7,CVE-2021-27363,(no title),0.896431
10,use-after-free vulnerability in browser rendering engine,Hybrid (τ=0.72),8,CVE-2023-4759,Improper handling of case insensitive filesystems in Eclipse JGit allows arbitrary file write,0.896339
10,use-after-free vulnerability in browser rendering engine,Hybrid (τ=0.72),9,CVE-2024-26585,tls: fix race between tx work scheduling and socket close,0.895417
10,use-after-free vulnerability in browser rendering engine,Hybrid (τ=0.72),10,CVE-2024-57974,udp: Deal with race between UDP socket address change and rehash,0.895043
10,use-after-free vulnerability in browser rendering engine,Hybrid (τ=0.72),11,CVE-2024-36024,drm/amd/display: Disable idle reallow as part of command/gpint execution,0.894853
10,use-after-free vulnerability in browser rendering engine,Hybrid (τ=0.72),12,CVE-2023-53596,drivers: base: Free devm resources when unregistering a device,0.894710
10,use-after-free vulnerability in browser rendering engine,Hybrid (τ=0.72),13,CVE-2023-53235,drm/tests: helpers: Avoid a driver uaf,0.894622
10,use-after-free vulnerability in browser rendering engine,Hybrid (τ=0.72),14,CVE-2025-38060,bpf: copy_verifier_state() should copy 'loop_entry' field,0.894509
10,use-after-free vulnerability in browser rendering engine,Hybrid (τ=0.72),15,CVE-2022-50117,vfio: Split migration ops from main device ops,0.893879
10,use-after-free vulnerability in browser rendering engine,Taumode (τ=0.42),1,CVE-2025-21688,drm/v3d: Assign job pointer to NULL before signaling the fence,0.943549
10,use-after-free vulnerability in browser rendering engine,Taumode (τ=0.42),2,CVE-2021-47223,net: bridge: fix vlan tunnel dst null pointer dereference,0.940820
10,use-after-free vulnerability in browser rendering engine,Taumode (τ=0.42),3,CVE-2022-48801,iio: buffer: Fix file related error handling in IIO_BUFFER_GET_FD_IOCTL,0.940287
10,use-after-free vulnerability in browser rendering engine,Taumode (τ=0.42),4,CVE-2023-53503,ext4: allow ext4_get_group_info() to fail,0.940168
10,use-after-free vulnerability in browser rendering engine,Taumode (τ=0.42),5,CVE-2025-40341,futex: Don't leak robust_list pointer on exec race,0.939966
10,use-after-free vulnerability in browser rendering engine,Taumode (τ=0.42),6,CVE-2025-21664,dm thin: make get_first_thin use rcu-safe list first function,0.939685
10,use-after-free vulnerability in browser rendering engine,Taumode (τ=0.42),7,CVE-2021-27363,(no title),0.939538
10,use-after-free vulnerability in browser rendering engine,Taumode (τ=0.42),8,CVE-2023-4759,Improper handling of case insensitive filesystems in Eclipse JGit allows arbitrary file write,0.939524
10,use-after-free vulnerability in browser rendering engine,Taumode (τ=0.42),9,CVE-2024-26585,tls: fix race between tx work scheduling and socket close,0.938854
10,use-after-free vulnerability in browser rendering engine,Taumode (τ=0.42),10,CVE-2024-57974,udp: Deal with race between UDP socket address change and rehash,0.938698
10,use-after-free vulnerability in browser rendering engine,Taumode (τ=0.42),11,CVE-2024-36024,drm/amd/display: Disable idle reallow as part of command/gpint execution,0.938604
10,use-after-free vulnerability in browser rendering engine,Taumode (τ=0.42),12,CVE-2023-53596,drivers: base: Free devm resources when unregistering a device,0.938570
10,use-after-free vulnerability in browser rendering engine,Taumode (τ=0.42),13,CVE-2023-53235,drm/tests: helpers: Avoid a driver uaf,0.938402
10,use-after-free vulnerability in browser rendering engine,Taumode (τ=0.42),14,CVE-2025-38060,bpf: copy_verifier_state() should copy 'loop_entry' field,0.938310
10,use-after-free vulnerability in browser rendering engine,Taumode (τ=0.42),15,CVE-2022-50117,vfio: Split migration ops from main device ops,0.938075
11,unsafe deserialization in Java RMI service,Cosine (τ=1.0),1,CVE-2025-31161,(no title),0.898745
11,unsafe deserialization in Java RMI service,Cosine (τ=1.0),2,CVE-2025-34234,Vasion Print (formerly PrinterLogic) Hardcoded Encryption Private Keys,0.895662
11,unsafe deserialization in Java RMI service,Cosine (τ=1.0),3,CVE-2021-30648,(no title),0.894776
11,unsafe deserialization in Java RMI service,Cosine (τ=1.0),4,CVE-2026-23990,Flux Operator Web UI Impersonation Bypass via Empty OIDC Claims,0.893281
11,unsafe deserialization in Java RMI service,Cosine (τ=1.0),5,CVE-2021-43271,(no title),0.889350
11,unsafe deserialization in Java RMI service,Cosine (τ=1.0),6,CVE-2024-8535,Authenticated user can access unintended user capabilities,0.889224
11,unsafe deserialization in Java RMI service,Cosine (τ=1.0),7,CVE-2008-6706,(no title),0.888550
11,unsafe deserialization in Java RMI service,Cosine (τ=1.0),8,CVE-2025-64429,DuckDB Encryption Crypto implementation is vulnerable,0.888272
11,unsafe deserialization in Java RMI service,Cosine (τ=1.0),9,CVE-2024-39676,Apache Pinot: Unauthorized endpoint exposed sensitive information,0.888118
11,unsafe deserialization in Java RMI service,Cosine (τ=1.0),10,CVE-2024-29737,Apache StreamPark (incubating): maven build params could trigger remote command execution,0.888018
11,unsafe deserialization in Java RMI service,Cosine (τ=1.0),11,CVE-2025-24363,The HL7 FHIR IG publisher may potentially expose GitHub repo user and credential information,0.886457
11,unsafe deserialization in Java RMI service,Cosine (τ=1.0),12,CVE-2024-4536,Eclipse EDC: OAuth2 Credential Exfiltration Vulnerability,0.886428
11,unsafe deserialization in Java RMI service,Cosine (τ=1.0),13,CVE-2021-39155,Authorization Policy Bypass Due to Case Insensitive Host Comparison,0.886413
11,unsafe deserialization in Java RMI service,Cosine (τ=1.0),14,CVE-2019-16097,(no title),0.886223
11,unsafe deserialization in Java RMI service,Cosine (τ=1.0),15,CVE-2019-1010084,(no title),0.886150
11,unsafe deserialization in Java RMI service,Hybrid (τ=0.72),1,CVE-2025-31161,(no title),0.913186
11,unsafe deserialization in Java RMI service,Hybrid (τ=0.72),2,CVE-2025-34234,Vasion Print (formerly PrinterLogic) Hardcoded Encryption Private Keys,0.911074
11,unsafe deserialization in Java RMI service,Hybrid (τ=0.72),3,CVE-2021-30648,(no title),0.910235
11,unsafe deserialization in Java RMI service,Hybrid (τ=0.72),4,CVE-2026-23990,Flux Operator Web UI Impersonation Bypass via Empty OIDC Claims,0.909234
11,unsafe deserialization in Java RMI service,Hybrid (τ=0.72),5,CVE-2024-50281,KEYS: trusted: dcp: fix NULL dereference in AEAD crypto operation,0.907393
11,unsafe deserialization in Java RMI service,Hybrid (τ=0.72),6,CVE-2023-24827,Credential disclosure in syft when SYFT_ATTEST_PASSWORD environment variable set in syft,0.906767
11,unsafe deserialization in Java RMI service,Hybrid (τ=0.72),7,CVE-2021-43271,(no title),0.906370
11,unsafe deserialization in Java RMI service,Hybrid (τ=0.72),8,CVE-2024-8535,Authenticated user can access unintended user capabilities,0.906240
11,unsafe deserialization in Java RMI service,Hybrid (τ=0.72),9,CVE-2008-6706,(no title),0.905824
11,unsafe deserialization in Java RMI service,Hybrid (τ=0.72),10,CVE-2025-64429,DuckDB Encryption Crypto implementation is vulnerable,0.905664
11,unsafe deserialization in Java RMI service,Hybrid (τ=0.72),11,CVE-2024-39676,Apache Pinot: Unauthorized endpoint exposed sensitive information,0.905533
11,unsafe deserialization in Java RMI service,Hybrid (τ=0.72),12,CVE-2024-29737,Apache StreamPark (incubating): maven build params could trigger remote command execution,0.905499
11,unsafe deserialization in Java RMI service,Hybrid (τ=0.72),13,CVE-2024-4536,Eclipse EDC: OAuth2 Credential Exfiltration Vulnerability,0.904344
11,unsafe deserialization in Java RMI service,Hybrid (τ=0.72),14,CVE-2025-24363,The HL7 FHIR IG publisher may potentially expose GitHub repo user and credential information,0.904336
11,unsafe deserialization in Java RMI service,Hybrid (τ=0.72),15,CVE-2021-39155,Authorization Policy Bypass Due to Case Insensitive Host Comparison,0.904322
11,unsafe deserialization in Java RMI service,Taumode (τ=0.42),1,CVE-2024-50281,KEYS: trusted: dcp: fix NULL dereference in AEAD crypto operation,0.944945
11,unsafe deserialization in Java RMI service,Taumode (τ=0.42),2,CVE-2023-24827,Credential disclosure in syft when SYFT_ATTEST_PASSWORD environment variable set in syft,0.943548
11,unsafe deserialization in Java RMI service,Taumode (τ=0.42),3,CVE-2023-47298,(no title),0.942395
11,unsafe deserialization in Java RMI service,Taumode (τ=0.42),4,CVE-2007-4261,(no title),0.939000
11,unsafe deserialization in Java RMI service,Taumode (τ=0.42),5,CVE-2012-1978,(no title),0.937410
11,unsafe deserialization in Java RMI service,Taumode (τ=0.42),6,CVE-2024-23805,F5 Application Visibility and Reporting module and BIG-IP Advanced WAF/ASM vulnerability,0.936986
11,unsafe deserialization in Java RMI service,Taumode (τ=0.42),7,CVE-2019-18370,(no title),0.935765
11,unsafe deserialization in Java RMI service,Taumode (τ=0.42),8,CVE-2025-61876,(no title),0.935694
11,unsafe deserialization in Java RMI service,Taumode (τ=0.42),9,CVE-2022-43110,(no title),0.934380
11,unsafe deserialization in Java RMI service,Taumode (τ=0.42),10,CVE-2024-51156,(no title),0.934261
11,unsafe deserialization in Java RMI service,Taumode (τ=0.42),11,CVE-2017-11559,(no title),0.934162
11,unsafe deserialization in Java RMI service,Taumode (τ=0.42),12,CVE-2006-2128,(no title),0.933860
11,unsafe deserialization in Java RMI service,Taumode (τ=0.42),13,CVE-2005-2579,(no title),0.933774
11,unsafe deserialization in Java RMI service,Taumode (τ=0.42),14,CVE-2018-25022,(no title),0.933723
11,unsafe deserialization in Java RMI service,Taumode (τ=0.42),15,CVE-2014-8655,(no title),0.933039
12,insecure direct object reference IDOR in invoice download,Cosine (τ=1.0),1,CVE-2002-0886,(no title),0.841607
12,insecure direct object reference IDOR in invoice download,Cosine (τ=1.0),2,CVE-2003-1250,(no title),0.841362
12,insecure direct object reference IDOR in invoice download,Cosine (τ=1.0),3,CVE-2008-5849,(no title),0.838628
12,insecure direct object reference IDOR in invoice download,Cosine (τ=1.0),4,CVE-2009-0687,(no title),0.837840
12,insecure direct object reference IDOR in invoice download,Cosine (τ=1.0),5,CVE-2002-0952,(no title),0.837810
12,insecure direct object reference IDOR in invoice download,Cosine (τ=1.0),6,CVE-2020-5937,(no title),0.836869
12,insecure direct object reference IDOR in invoice download,Cosine (τ=1.0),7,CVE-2008-1397,(no title),0.836754
12,insecure direct object reference IDOR in invoice download,Cosine (τ=1.0),8,CVE-2005-0039,(no title),0.836326
12,insecure direct object reference IDOR in invoice download,Cosine (τ=1.0),9,CVE-2017-5872,(no title),0.836164
12,insecure direct object reference IDOR in invoice download,Cosine (τ=1.0),10,CVE-2021-0217,Junos OS: EX Series and QFX Series: Memory leak issue processing specific DHCP packets,0.835536
12,insecure direct object reference IDOR in invoice download,Cosine (τ=1.0),11,CVE-2002-1104,(no title),0.835504
12,insecure direct object reference IDOR in invoice download,Cosine (τ=1.0),12,CVE-2004-2549,(no title),0.834945
12,insecure direct object reference IDOR in invoice download,Cosine (τ=1.0),13,CVE-2015-7759,(no title),0.833868
12,insecure direct object reference IDOR in invoice download,Cosine (τ=1.0),14,CVE-2002-0666,(no title),0.833743
12,insecure direct object reference IDOR in invoice download,Cosine (τ=1.0),15,CVE-1999-1201,(no title),0.833618
12,insecure direct object reference IDOR in invoice download,Hybrid (τ=0.72),1,CVE-2002-0886,(no title),0.885890
12,insecure direct object reference IDOR in invoice download,Hybrid (τ=0.72),2,CVE-2003-1250,(no title),0.885730
12,insecure direct object reference IDOR in invoice download,Hybrid (τ=0.72),3,CVE-2008-5849,(no title),0.883785
12,insecure direct object reference IDOR in invoice download,Hybrid (τ=0.72),4,CVE-2009-0687,(no title),0.883209
12,insecure direct object reference IDOR in invoice download,Hybrid (τ=0.72),5,CVE-2002-0952,(no title),0.883161
12,insecure direct object reference IDOR in invoice download,Hybrid (τ=0.72),6,CVE-2008-1397,(no title),0.882460
12,insecure direct object reference IDOR in invoice download,Hybrid (τ=0.72),7,CVE-2020-5937,(no title),0.882427
12,insecure direct object reference IDOR in invoice download,Hybrid (τ=0.72),8,CVE-2005-0039,(no title),0.882118
12,insecure direct object reference IDOR in invoice download,Hybrid (τ=0.72),9,CVE-2017-5872,(no title),0.881987
12,insecure direct object reference IDOR in invoice download,Hybrid (τ=0.72),10,CVE-2021-0217,Junos OS: EX Series and QFX Series: Memory leak issue processing specific DHCP packets,0.881551
12,insecure direct object reference IDOR in invoice download,Hybrid (τ=0.72),11,CVE-2002-1104,(no title),0.881493
12,insecure direct object reference IDOR in invoice download,Hybrid (τ=0.72),12,CVE-2004-2549,(no title),0.881085
12,insecure direct object reference IDOR in invoice download,Hybrid (τ=0.72),13,CVE-2015-7759,(no title),0.880384
12,insecure direct object reference IDOR in invoice download,Hybrid (τ=0.72),14,CVE-2002-0666,(no title),0.880280
12,insecure direct object reference IDOR in invoice download,Hybrid (τ=0.72),15,CVE-1999-1201,(no title),0.880180
12,insecure direct object reference IDOR in invoice download,Taumode (τ=0.42),1,CVE-2002-0886,(no title),0.933335
12,insecure direct object reference IDOR in invoice download,Taumode (τ=0.42),2,CVE-2003-1250,(no title),0.933266
12,insecure direct object reference IDOR in invoice download,Taumode (τ=0.42),3,CVE-2008-5849,(no title),0.932167
12,insecure direct object reference IDOR in invoice download,Taumode (τ=0.42),4,CVE-2009-0687,(no title),0.931819
12,insecure direct object reference IDOR in invoice download,Taumode (τ=0.42),5,CVE-2002-0952,(no title),0.931752
12,insecure direct object reference IDOR in invoice download,Taumode (τ=0.42),6,CVE-2008-1397,(no title),0.931431
12,insecure direct object reference IDOR in invoice download,Taumode (τ=0.42),7,CVE-2020-5937,(no title),0.931240
12,insecure direct object reference IDOR in invoice download,Taumode (τ=0.42),8,CVE-2005-0039,(no title),0.931181
12,insecure direct object reference IDOR in invoice download,Taumode (τ=0.42),9,CVE-2017-5872,(no title),0.931082
12,insecure direct object reference IDOR in invoice download,Taumode (τ=0.42),10,CVE-2021-0217,Junos OS: EX Series and QFX Series: Memory leak issue processing specific DHCP packets,0.930853
12,insecure direct object reference IDOR in invoice download,Taumode (τ=0.42),11,CVE-2002-1104,(no title),0.930768
12,insecure direct object reference IDOR in invoice download,Taumode (τ=0.42),12,CVE-2004-2549,(no title),0.930520
12,insecure direct object reference IDOR in invoice download,Taumode (τ=0.42),13,CVE-2015-7759,(no title),0.930224
12,insecure direct object reference IDOR in invoice download,Taumode (τ=0.42),14,CVE-2002-0666,(no title),0.930142
12,insecure direct object reference IDOR in invoice download,Taumode (τ=0.42),15,CVE-1999-1201,(no title),0.930067
13,command injection in router web administration interface,Cosine (τ=1.0),1,CVE-2012-3836,(no title),0.867117
13,command injection in router web administration interface,Cosine (τ=1.0),2,CVE-2025-57205,(no title),0.866246
13,command injection in router web administration interface,Cosine (τ=1.0),3,CVE-2025-57204,(no title),0.865496
13,command injection in router web administration interface,Cosine (τ=1.0),4,CVE-2018-8811,(no title),0.865072
13,command injection in router web administration interface,Cosine (τ=1.0),5,CVE-2007-0830,(no title),0.864824
13,command injection in router web administration interface,Cosine (τ=1.0),6,CVE-2010-1995,(no title),0.863393
13,command injection in router web administration interface,Cosine (τ=1.0),7,CVE-2009-3581,(no title),0.860103
13,command injection in router web administration interface,Cosine (τ=1.0),8,CVE-2025-62987,WordPress Builderall Builder for WordPress plugin <= 3.0.1 - Cross Site Scripting (XSS) vulnerability,0.859261
13,command injection in router web administration interface,Cosine (τ=1.0),9,CVE-2014-0334,(no title),0.859140
13,command injection in router web administration interface,Cosine (τ=1.0),10,CVE-2020-35676,(no title),0.859019
13,command injection in router web administration interface,Cosine (τ=1.0),11,CVE-2014-3111,(no title),0.858325
13,command injection in router web administration interface,Cosine (τ=1.0),12,CVE-2005-3552,(no title),0.858268
13,command injection in router web administration interface,Cosine (τ=1.0),13,CVE-2012-1898,(no title),0.857593
13,command injection in router web administration interface,Cosine (τ=1.0),14,CVE-2007-4523,(no title),0.857324
13,command injection in router web administration interface,Cosine (τ=1.0),15,CVE-2015-2973,(no title),0.856793
13,command injection in router web administration interface,Hybrid (τ=0.72),1,CVE-2012-1898,(no title),0.897342
13,command injection in router web administration interface,Hybrid (τ=0.72),2,CVE-2005-3552,(no title),0.896815
13,command injection in router web administration interface,Hybrid (τ=0.72),3,CVE-2012-0782,(no title),0.895550
13,command injection in router web administration interface,Hybrid (τ=0.72),4,CVE-2017-11611,(no title),0.894700
13,command injection in router web administration interface,Hybrid (τ=0.72),5,CVE-2007-0830,(no title),0.893938
13,command injection in router web administration interface,Hybrid (τ=0.72),6,CVE-2012-3836,(no title),0.893032
13,command injection in router web administration interface,Hybrid (τ=0.72),7,CVE-2021-25790,(no title),0.892790
13,command injection in router web administration interface,Hybrid (τ=0.72),8,CVE-2025-57205,(no title),0.892473
13,command injection in router web administration interface,Hybrid (τ=0.72),9,CVE-2025-57204,(no title),0.891942
13,command injection in router web administration interface,Hybrid (τ=0.72),10,CVE-2010-1995,(no title),0.890326
13,command injection in router web administration interface,Hybrid (τ=0.72),11,CVE-2018-8811,(no title),0.889405
13,command injection in router web administration interface,Hybrid (τ=0.72),12,CVE-2009-3581,(no title),0.888034
13,command injection in router web administration interface,Hybrid (τ=0.72),13,CVE-2012-4484,(no title),0.887773
13,command injection in router web administration interface,Hybrid (τ=0.72),14,CVE-2017-9548,(no title),0.887577
13,command injection in router web administration interface,Hybrid (τ=0.72),15,CVE-2020-35676,(no title),0.887142
13,command injection in router web administration interface,Taumode (τ=0.42),1,CVE-2012-1898,(no title),0.939930
13,command injection in router web administration interface,Taumode (τ=0.42),2,CVE-2012-0782,(no title),0.938187
13,command injection in router web administration interface,Taumode (τ=0.42),3,CVE-2005-3552,(no title),0.938116
13,command injection in router web administration interface,Taumode (τ=0.42),4,CVE-2017-11611,(no title),0.935458
13,command injection in router web administration interface,Taumode (τ=0.42),5,CVE-2012-4484,(no title),0.934473
13,command injection in router web administration interface,Taumode (τ=0.42),6,CVE-2021-25790,(no title),0.931577
13,command injection in router web administration interface,Taumode (τ=0.42),7,CVE-2017-9548,(no title),0.930545
13,command injection in router web administration interface,Taumode (τ=0.42),8,CVE-2005-3511,(no title),0.930453
13,command injection in router web administration interface,Taumode (τ=0.42),9,CVE-2006-2672,(no title),0.930043
13,command injection in router web administration interface,Taumode (τ=0.42),10,CVE-2014-8376,(no title),0.930029
13,command injection in router web administration interface,Taumode (τ=0.42),11,CVE-2014-2091,(no title),0.929936
13,command injection in router web administration interface,Taumode (τ=0.42),12,CVE-2015-1628,(no title),0.929702
13,command injection in router web administration interface,Taumode (τ=0.42),13,CVE-2013-0129,(no title),0.929701
13,command injection in router web administration interface,Taumode (τ=0.42),14,CVE-2012-5193,(no title),0.929500
13,command injection in router web administration interface,Taumode (τ=0.42),15,CVE-2007-6463,(no title),0.928434
14,XML external entity XXE injection in SOAP parser,Cosine (τ=1.0),1,CVE-2022-50255,tracing: Fix reading strings from synthetic events,0.864759
14,XML external entity XXE injection in SOAP parser,Cosine (τ=1.0),2,CVE-2021-39155,Authorization Policy Bypass Due to Case Insensitive Host Comparison,0.863347
14,XML external entity XXE injection in SOAP parser,Cosine (τ=1.0),3,CVE-2021-32635,Action Commands (run/shell/exec) Against Library URIs Ignore Configured Remote Endpoint,0.861176
14,XML external entity XXE injection in SOAP parser,Cosine (τ=1.0),4,CVE-2026-23990,Flux Operator Web UI Impersonation Bypass via Empty OIDC Claims,0.859123
14,XML external entity XXE injection in SOAP parser,Cosine (τ=1.0),5,CVE-2022-23653,B2 Command Line Tool TOCTOU application key disclosure ,0.858894
14,XML external entity XXE injection in SOAP parser,Cosine (τ=1.0),6,CVE-2009-3486,(no title),0.858442
14,XML external entity XXE injection in SOAP parser,Cosine (τ=1.0),7,CVE-2023-39903,(no title),0.858245
14,XML external entity XXE injection in SOAP parser,Cosine (τ=1.0),8,CVE-2023-34252,Grav Server-side Template Injection via Insufficient Validation in filterFilter,0.858093
14,XML external entity XXE injection in SOAP parser,Cosine (τ=1.0),9,CVE-2026-24047,@backstage/cli-common has a possible `resolveSafeChildPath` Symlink Chain Bypass,0.858057
14,XML external entity XXE injection in SOAP parser,Cosine (τ=1.0),10,CVE-2023-50260,Wazuh's vulnerability in host_deny AR script allows arbitrary command execution,0.857537
14,XML external entity XXE injection in SOAP parser,Cosine (τ=1.0),11,CVE-2025-34234,Vasion Print (formerly PrinterLogic) Hardcoded Encryption Private Keys,0.856843
14,XML external entity XXE injection in SOAP parser,Cosine (τ=1.0),12,CVE-2025-62603,FastDDS has Out-of-memory while parsing GenericMessage when DDS Security is enabled,0.856628
14,XML external entity XXE injection in SOAP parser,Cosine (τ=1.0),13,CVE-2021-41090,Instance config inline secret exposure,0.856500
14,XML external entity XXE injection in SOAP parser,Cosine (τ=1.0),14,CVE-2022-50116,tty: n_gsm: fix deadlock and link starvation in outgoing data path,0.856466
14,XML external entity XXE injection in SOAP parser,Cosine (τ=1.0),15,CVE-2024-23805,F5 Application Visibility and Reporting module and BIG-IP Advanced WAF/ASM vulnerability,0.856041
14,XML external entity XXE injection in SOAP parser,Hybrid (τ=0.72),1,CVE-2015-5076,(no title),0.854302
14,XML external entity XXE injection in SOAP parser,Hybrid (τ=0.72),2,CVE-2005-1362,(no title),0.847725
14,XML external entity XXE injection in SOAP parser,Hybrid (τ=0.72),3,CVE-2007-4390,(no title),0.840012
14,XML external entity XXE injection in SOAP parser,Hybrid (τ=0.72),4,CVE-2015-9226,(no title),0.832116
14,XML external entity XXE injection in SOAP parser,Hybrid (τ=0.72),5,CVE-2011-5073,(no title),0.831431
14,XML external entity XXE injection in SOAP parser,Hybrid (τ=0.72),6,CVE-2017-14145,(no title),0.830153
14,XML external entity XXE injection in SOAP parser,Hybrid (τ=0.72),7,CVE-2012-4260,(no title),0.826931
14,XML external entity XXE injection in SOAP parser,Hybrid (τ=0.72),8,CVE-2010-0432,(no title),0.826114
14,XML external entity XXE injection in SOAP parser,Hybrid (τ=0.72),9,CVE-2009-0541,(no title),0.822816
14,XML external entity XXE injection in SOAP parser,Hybrid (τ=0.72),10,CVE-2007-2540,(no title),0.821723
14,XML external entity XXE injection in SOAP parser,Hybrid (τ=0.72),11,CVE-2023-53791,md: fix warning for holder mismatch from export_rdev(),0.820554
14,XML external entity XXE injection in SOAP parser,Hybrid (τ=0.72),12,CVE-2014-9613,(no title),0.820436
14,XML external entity XXE injection in SOAP parser,Hybrid (τ=0.72),13,CVE-2008-5210,(no title),0.819185
14,XML external entity XXE injection in SOAP parser,Hybrid (τ=0.72),14,CVE-2006-4448,(no title),0.814846
14,XML external entity XXE injection in SOAP parser,Hybrid (τ=0.72),15,CVE-2024-38499,Improper Privilege Management Vulnerability in CA Client Automation 14.5,0.814441
14,XML external entity XXE injection in SOAP parser,Taumode (τ=0.42),1,CVE-2005-1362,(no title),0.908279
14,XML external entity XXE injection in SOAP parser,Taumode (τ=0.42),2,CVE-2015-5076,(no title),0.906132
14,XML external entity XXE injection in SOAP parser,Taumode (τ=0.42),3,CVE-2017-14145,(no title),0.894756
14,XML external entity XXE injection in SOAP parser,Taumode (τ=0.42),4,CVE-2009-0541,(no title),0.890150
14,XML external entity XXE injection in SOAP parser,Taumode (τ=0.42),5,CVE-2007-4390,(no title),0.884347
14,XML external entity XXE injection in SOAP parser,Taumode (τ=0.42),6,CVE-2024-38499,Improper Privilege Management Vulnerability in CA Client Automation 14.5,0.876731
14,XML external entity XXE injection in SOAP parser,Taumode (τ=0.42),7,CVE-2012-1835,(no title),0.873270
14,XML external entity XXE injection in SOAP parser,Taumode (τ=0.42),8,CVE-2012-4260,(no title),0.861455
14,XML external entity XXE injection in SOAP parser,Taumode (τ=0.42),9,CVE-2007-2540,(no title),0.858325
14,XML external entity XXE injection in SOAP parser,Taumode (τ=0.42),10,CVE-2020-26961,(no title),0.858278
14,XML external entity XXE injection in SOAP parser,Taumode (τ=0.42),11,CVE-2020-7018,(no title),0.856960
14,XML external entity XXE injection in SOAP parser,Taumode (τ=0.42),12,CVE-2015-2973,(no title),0.854702
14,XML external entity XXE injection in SOAP parser,Taumode (τ=0.42),13,CVE-2025-24648,WordPress Admin and Site Enhancements (ASE) Plugin <= 7.6.2.1 - Privilege Escalation vulnerability,0.853863
14,XML external entity XXE injection in SOAP parser,Taumode (τ=0.42),14,CVE-2008-5210,(no title),0.853399
14,XML external entity XXE injection in SOAP parser,Taumode (τ=0.42),15,CVE-2010-0432,(no title),0.852800
15,SQL injection in login endpoint,Cosine (τ=1.0),1,CVE-2006-3172,(no title),0.843571
15,SQL injection in login endpoint,Cosine (τ=1.0),2,CVE-2013-4883,(no title),0.843032
15,SQL injection in login endpoint,Cosine (τ=1.0),3,CVE-2009-1553,(no title),0.841626
15,SQL injection in login endpoint,Cosine (τ=1.0),4,CVE-2015-6509,(no title),0.839720
15,SQL injection in login endpoint,Cosine (τ=1.0),5,CVE-2015-7391,(no title),0.839402
15,SQL injection in login endpoint,Cosine (τ=1.0),6,CVE-2022-40145,Apache Karaf: JDBC JAAS LDAP injection,0.837685
15,SQL injection in login endpoint,Cosine (τ=1.0),7,CVE-2023-27296,Apache InLong: JDBC Deserialization Vulnerability in InLong,0.836165
15,SQL injection in login endpoint,Cosine (τ=1.0),8,CVE-2015-6929,(no title),0.835581
15,SQL injection in login endpoint,Cosine (τ=1.0),9,CVE-2016-9554,(no title),0.833516
15,SQL injection in login endpoint,Cosine (τ=1.0),10,CVE-2008-6840,(no title),0.833484
15,SQL injection in login endpoint,Cosine (τ=1.0),11,CVE-2008-1969,(no title),0.832347
15,SQL injection in login endpoint,Cosine (τ=1.0),12,CVE-2009-4237,(no title),0.832213
15,SQL injection in login endpoint,Cosine (τ=1.0),13,CVE-2007-5642,(no title),0.831091
15,SQL injection in login endpoint,Cosine (τ=1.0),14,CVE-2015-2351,(no title),0.829408
15,SQL injection in login endpoint,Cosine (τ=1.0),15,CVE-2008-7092,(no title),0.828519
15,SQL injection in login endpoint,Hybrid (τ=0.72),1,CVE-2013-4883,(no title),0.886978
15,SQL injection in login endpoint,Hybrid (τ=0.72),2,CVE-2009-1553,(no title),0.885753
15,SQL injection in login endpoint,Hybrid (τ=0.72),3,CVE-2015-6509,(no title),0.884313
15,SQL injection in login endpoint,Hybrid (τ=0.72),4,CVE-2022-40145,Apache Karaf: JDBC JAAS LDAP injection,0.883068
15,SQL injection in login endpoint,Hybrid (τ=0.72),5,CVE-2023-27296,Apache InLong: JDBC Deserialization Vulnerability in InLong,0.881871
15,SQL injection in login endpoint,Hybrid (τ=0.72),6,CVE-2015-6929,(no title),0.881530
15,SQL injection in login endpoint,Hybrid (τ=0.72),7,CVE-2016-9554,(no title),0.880013
15,SQL injection in login endpoint,Hybrid (τ=0.72),8,CVE-2009-4237,(no title),0.878988
15,SQL injection in login endpoint,Hybrid (τ=0.72),9,CVE-2023-46302,Apache Submarine: Fix CVE-2022-1471 SnakeYaml unsafe deserialization,0.875141
15,SQL injection in login endpoint,Hybrid (τ=0.72),10,CVE-2016-4350,(no title),0.874993
15,SQL injection in login endpoint,Hybrid (τ=0.72),11,CVE-2007-3594,(no title),0.874743
15,SQL injection in login endpoint,Hybrid (τ=0.72),12,CVE-2007-5642,(no title),0.874158
15,SQL injection in login endpoint,Hybrid (τ=0.72),13,CVE-2017-12761,(no title),0.874013
15,SQL injection in login endpoint,Hybrid (τ=0.72),14,CVE-2012-4396,(no title),0.873761
15,SQL injection in login endpoint,Hybrid (τ=0.72),15,CVE-2023-30465,Apache InLong: SQL injection in apache inLong 1.5.0,0.873559
15,SQL injection in login endpoint,Taumode (τ=0.42),1,CVE-2013-4883,(no title),0.934063
15,SQL injection in login endpoint,Taumode (τ=0.42),2,CVE-2009-1553,(no title),0.933032
15,SQL injection in login endpoint,Taumode (τ=0.42),3,CVE-2015-6509,(no title),0.932090
15,SQL injection in login endpoint,Taumode (τ=0.42),4,CVE-2022-40145,Apache Karaf: JDBC JAAS LDAP injection,0.931694
15,SQL injection in login endpoint,Taumode (τ=0.42),5,CVE-2023-27296,Apache InLong: JDBC Deserialization Vulnerability in InLong,0.930842
15,SQL injection in login endpoint,Taumode (τ=0.42),6,CVE-2015-6929,(no title),0.930761
15,SQL injection in login endpoint,Taumode (τ=0.42),7,CVE-2016-9554,(no title),0.929831
15,SQL injection in login endpoint,Taumode (τ=0.42),8,CVE-2009-4237,(no title),0.929103
15,SQL injection in login endpoint,Taumode (τ=0.42),9,CVE-2023-46302,Apache Submarine: Fix CVE-2022-1471 SnakeYaml unsafe deserialization,0.927101
15,SQL injection in login endpoint,Taumode (τ=0.42),10,CVE-2007-3594,(no title),0.926736
15,SQL injection in login endpoint,Taumode (τ=0.42),11,CVE-2016-4350,(no title),0.926686
15,SQL injection in login endpoint,Taumode (τ=0.42),12,CVE-2017-12761,(no title),0.926448
15,SQL injection in login endpoint,Taumode (τ=0.42),13,CVE-2023-30465,Apache InLong: SQL injection in apache inLong 1.5.0,0.925947
15,SQL injection in login endpoint,Taumode (τ=0.42),14,CVE-2012-4396,(no title),0.925935
15,SQL injection in login endpoint,Taumode (τ=0.42),15,CVE-2022-31195,Path traversal vulnerability in Simple Archive Format package import in DSpace,0.925405
16,hardcoded credentials in firmware update mechanism,Cosine (τ=1.0),1,CVE-2025-37736,Elastic Cloud Enterprise Improper Authorization,0.810879
16,hardcoded credentials in firmware update mechanism,Cosine (τ=1.0),2,CVE-2015-2878,(no title),0.799607
16,hardcoded credentials in firmware update mechanism,Cosine (τ=1.0),3,CVE-2025-23203,Icinga has rest API endpoints accessible to restricted users,0.792604
16,hardcoded credentials in firmware update mechanism,Cosine (τ=1.0),4,CVE-2025-61876,(no title),0.789873
16,hardcoded credentials in firmware update mechanism,Cosine (τ=1.0),5,CVE-2022-35943,SameSite may allow cross-site request forgery (CSRF) protection to be bypassed,0.789108
16,hardcoded credentials in firmware update mechanism,Cosine (τ=1.0),6,CVE-2024-53355,(no title),0.788724
16,hardcoded credentials in firmware update mechanism,Cosine (τ=1.0),7,CVE-2008-7092,(no title),0.788226
16,hardcoded credentials in firmware update mechanism,Cosine (τ=1.0),8,CVE-2025-70146,(no title),0.787843
16,hardcoded credentials in firmware update mechanism,Cosine (τ=1.0),9,CVE-2024-53354,(no title),0.785674
16,hardcoded credentials in firmware update mechanism,Cosine (τ=1.0),10,CVE-2025-66490,Traefik doesn't Prevent Path Normalization Bypass in Router + Middleware Rules,0.784823
16,hardcoded credentials in firmware update mechanism,Cosine (τ=1.0),11,CVE-2008-5518,(no title),0.784627
16,hardcoded credentials in firmware update mechanism,Cosine (τ=1.0),12,CVE-2025-41039,Stored Cross-Site Scripting vulnerability in appRain CMF,0.782337
16,hardcoded credentials in firmware update mechanism,Cosine (τ=1.0),13,CVE-2007-2579,(no title),0.780563
16,hardcoded credentials in firmware update mechanism,Cosine (τ=1.0),14,CVE-2024-53357,(no title),0.779317
16,hardcoded credentials in firmware update mechanism,Cosine (τ=1.0),15,CVE-2025-14802,LearnPress – WordPress LMS Plugin <= 4.3.2.2 - Insecure Direct Object Reference to Authenticated (Instructor+) Teacher Material Deletion,0.779261
16,hardcoded credentials in firmware update mechanism,Hybrid (τ=0.72),1,CVE-2025-23203,Icinga has rest API endpoints accessible to restricted users,0.834069
16,hardcoded credentials in firmware update mechanism,Hybrid (τ=0.72),2,CVE-2007-6548,(no title),0.831933
16,hardcoded credentials in firmware update mechanism,Hybrid (τ=0.72),3,CVE-2024-53354,(no title),0.831248
16,hardcoded credentials in firmware update mechanism,Hybrid (τ=0.72),4,CVE-2016-10086,(no title),0.828873
16,hardcoded credentials in firmware update mechanism,Hybrid (τ=0.72),5,CVE-2008-7092,(no title),0.825302
16,hardcoded credentials in firmware update mechanism,Hybrid (τ=0.72),6,CVE-2025-41039,Stored Cross-Site Scripting vulnerability in appRain CMF,0.824597
16,hardcoded credentials in firmware update mechanism,Hybrid (τ=0.72),7,CVE-2017-9767,(no title),0.820827
16,hardcoded credentials in firmware update mechanism,Hybrid (τ=0.72),8,CVE-2011-5298,(no title),0.820420
16,hardcoded credentials in firmware update mechanism,Hybrid (τ=0.72),9,CVE-2014-9606,(no title),0.820028
16,hardcoded credentials in firmware update mechanism,Hybrid (τ=0.72),10,CVE-2007-0373,(no title),0.819527
16,hardcoded credentials in firmware update mechanism,Hybrid (τ=0.72),11,CVE-2011-5230,(no title),0.816971
16,hardcoded credentials in firmware update mechanism,Hybrid (τ=0.72),12,CVE-2010-1515,(no title),0.815539
16,hardcoded credentials in firmware update mechanism,Hybrid (τ=0.72),13,CVE-2025-12030,ACF to REST API <= 3.3.4 - Insecure Direct Object Reference to Authenticated (Contributor+) ACF Field/Option Modification,0.813182
16,hardcoded credentials in firmware update mechanism,Hybrid (τ=0.72),14,CVE-2011-5287,(no title),0.813078
16,hardcoded credentials in firmware update mechanism,Hybrid (τ=0.72),15,CVE-2015-8125,(no title),0.813051
16,hardcoded credentials in firmware update mechanism,Taumode (τ=0.42),1,CVE-2007-6548,(no title),0.900073
16,hardcoded credentials in firmware update mechanism,Taumode (τ=0.42),2,CVE-2016-10086,(no title),0.896641
16,hardcoded credentials in firmware update mechanism,Taumode (τ=0.42),3,CVE-2007-0373,(no title),0.888906
16,hardcoded credentials in firmware update mechanism,Taumode (τ=0.42),4,CVE-2017-9767,(no title),0.888228
16,hardcoded credentials in firmware update mechanism,Taumode (τ=0.42),5,CVE-2010-4280,(no title),0.887788
16,hardcoded credentials in firmware update mechanism,Taumode (τ=0.42),6,CVE-2014-9606,(no title),0.887762
16,hardcoded credentials in firmware update mechanism,Taumode (τ=0.42),7,CVE-2011-5230,(no title),0.886056
16,hardcoded credentials in firmware update mechanism,Taumode (τ=0.42),8,CVE-2022-35942,loopback-connector-postgresql Vulnerable to Improper Sanitization of `contains` Filter,0.885846
16,hardcoded credentials in firmware update mechanism,Taumode (τ=0.42),9,CVE-2006-5983,(no title),0.885815
16,hardcoded credentials in firmware update mechanism,Taumode (τ=0.42),10,CVE-2005-1291,(no title),0.885286
16,hardcoded credentials in firmware update mechanism,Taumode (τ=0.42),11,CVE-2018-16448,(no title),0.884720
16,hardcoded credentials in firmware update mechanism,Taumode (τ=0.42),12,CVE-2011-5298,(no title),0.884700
16,hardcoded credentials in firmware update mechanism,Taumode (τ=0.42),13,CVE-2016-1000307,(no title),0.884551
16,hardcoded credentials in firmware update mechanism,Taumode (τ=0.42),14,CVE-2014-8577,(no title),0.884434
16,hardcoded credentials in firmware update mechanism,Taumode (τ=0.42),15,CVE-2014-10035,(no title),0.884120
17,local privilege escalation via race condition in kernel,Cosine (τ=1.0),1,CVE-2025-4235,User-ID Credential Agent: Cleartext Exposure of Service Account password,0.825831
17,local privilege escalation via race condition in kernel,Cosine (τ=1.0),2,CVE-2013-0135,(no title),0.814007
17,local privilege escalation via race condition in kernel,Cosine (τ=1.0),3,CVE-2022-39369,Service Hostname Discovery Exploitation in phpCAS,0.812786
17,local privilege escalation via race condition in kernel,Cosine (τ=1.0),4,CVE-2024-13301,OAuth & OpenID Connect Single Sign On – SSO (OAuth/OIDC Client) - Critical - Cross Site Scripting - SA-CONTRIB-2024-067,0.810199
17,local privilege escalation via race condition in kernel,Cosine (τ=1.0),5,CVE-2006-5303,(no title),0.810116
17,local privilege escalation via race condition in kernel,Cosine (τ=1.0),6,CVE-2019-1003037,(no title),0.808873
17,local privilege escalation via race condition in kernel,Cosine (τ=1.0),7,CVE-2015-7494,(no title),0.807787
17,local privilege escalation via race condition in kernel,Cosine (τ=1.0),8,CVE-2023-50291,Apache Solr: System Property redaction logic inconsistency can lead to leaked passwords,0.806504
17,local privilege escalation via race condition in kernel,Cosine (τ=1.0),9,CVE-2024-25106,OpenObserve Unauthorized Access Vulnerability in Users API,0.805902
17,local privilege escalation via race condition in kernel,Cosine (τ=1.0),10,CVE-2022-35924,Verification requests (magic link) sent to unwanted emails,0.804790
17,local privilege escalation via race condition in kernel,Cosine (τ=1.0),11,CVE-2024-32003,Dusk plugin may allow unfettered user authentication in misconfigured installs,0.804411
17,local privilege escalation via race condition in kernel,Cosine (τ=1.0),12,CVE-2006-3172,(no title),0.804020
17,local privilege escalation via race condition in kernel,Cosine (τ=1.0),13,CVE-2008-6706,(no title),0.802785
17,local privilege escalation via race condition in kernel,Cosine (τ=1.0),14,CVE-2023-1893,Login Configurator <= 2.1 - Reflected Cross-Site Scripting,0.802732
17,local privilege escalation via race condition in kernel,Cosine (τ=1.0),15,CVE-2011-5230,(no title),0.801656
17,local privilege escalation via race condition in kernel,Hybrid (τ=0.72),1,CVE-2025-4235,User-ID Credential Agent: Cleartext Exposure of Service Account password,0.857161
17,local privilege escalation via race condition in kernel,Hybrid (τ=0.72),2,CVE-2024-13301,OAuth & OpenID Connect Single Sign On – SSO (OAuth/OIDC Client) - Critical - Cross Site Scripting - SA-CONTRIB-2024-067,0.856427
17,local privilege escalation via race condition in kernel,Hybrid (τ=0.72),3,CVE-2019-6716,(no title),0.848412
17,local privilege escalation via race condition in kernel,Hybrid (τ=0.72),4,CVE-2014-9145,(no title),0.847504
17,local privilege escalation via race condition in kernel,Hybrid (τ=0.72),5,CVE-2022-35943,SameSite may allow cross-site request forgery (CSRF) protection to be bypassed,0.847047
17,local privilege escalation via race condition in kernel,Hybrid (τ=0.72),6,CVE-2023-50291,Apache Solr: System Property redaction logic inconsistency can lead to leaked passwords,0.843177
17,local privilege escalation via race condition in kernel,Hybrid (τ=0.72),7,CVE-2013-0135,(no title),0.842588
17,local privilege escalation via race condition in kernel,Hybrid (τ=0.72),8,CVE-2022-39369,Service Hostname Discovery Exploitation in phpCAS,0.841621
17,local privilege escalation via race condition in kernel,Hybrid (τ=0.72),9,CVE-2006-5303,(no title),0.839756
17,local privilege escalation via race condition in kernel,Hybrid (τ=0.72),10,CVE-2004-2551,(no title),0.839248
17,local privilege escalation via race condition in kernel,Hybrid (τ=0.72),11,CVE-2019-1003037,(no title),0.838768
17,local privilege escalation via race condition in kernel,Hybrid (τ=0.72),12,CVE-2015-2351,(no title),0.838446
17,local privilege escalation via race condition in kernel,Hybrid (τ=0.72),13,CVE-2015-7494,(no title),0.837989
17,local privilege escalation via race condition in kernel,Hybrid (τ=0.72),14,CVE-2024-25106,OpenObserve Unauthorized Access Vulnerability in Users API,0.836633
17,local privilege escalation via race condition in kernel,Hybrid (τ=0.72),15,CVE-2012-1665,(no title),0.836591
17,local privilege escalation via race condition in kernel,Taumode (τ=0.42),1,CVE-2024-13301,OAuth & OpenID Connect Single Sign On – SSO (OAuth/OIDC Client) - Critical - Cross Site Scripting - SA-CONTRIB-2024-067,0.905957
17,local privilege escalation via race condition in kernel,Taumode (τ=0.42),2,CVE-2019-6716,(no title),0.905824
17,local privilege escalation via race condition in kernel,Taumode (τ=0.42),3,CVE-2014-9145,(no title),0.905440
17,local privilege escalation via race condition in kernel,Taumode (τ=0.42),4,CVE-2004-2551,(no title),0.903454
17,local privilege escalation via race condition in kernel,Taumode (τ=0.42),5,CVE-2012-5648,(no title),0.901892
17,local privilege escalation via race condition in kernel,Taumode (τ=0.42),6,CVE-2018-8811,(no title),0.901024
17,local privilege escalation via race condition in kernel,Taumode (τ=0.42),7,CVE-2020-22165,(no title),0.900550
17,local privilege escalation via race condition in kernel,Taumode (τ=0.42),8,CVE-2021-21667,(no title),0.899687
17,local privilege escalation via race condition in kernel,Taumode (τ=0.42),9,CVE-2022-35943,SameSite may allow cross-site request forgery (CSRF) protection to be bypassed,0.899225
17,local privilege escalation via race condition in kernel,Taumode (τ=0.42),10,CVE-2025-25497,(no title),0.899044
17,local privilege escalation via race condition in kernel,Taumode (τ=0.42),11,CVE-2005-2433,(no title),0.897940
17,local privilege escalation via race condition in kernel,Taumode (τ=0.42),12,CVE-2025-1620,GDPR Cookie Compliance < 4.15.7 - Admin+ Stored XSS,0.897839
17,local privilege escalation via race condition in kernel,Taumode (τ=0.42),13,CVE-2005-4413,(no title),0.897825
17,local privilege escalation via race condition in kernel,Taumode (τ=0.42),14,CVE-2019-9753,(no title),0.897258
17,local privilege escalation via race condition in kernel,Taumode (τ=0.42),15,CVE-2008-0850,(no title),0.896765
18,improper access control in REST API DELETE method,Cosine (τ=1.0),1,CVE-2020-2021,PAN-OS: Authentication Bypass in SAML Authentication,0.842057
18,improper access control in REST API DELETE method,Cosine (τ=1.0),2,CVE-2015-6420,(no title),0.841758
18,improper access control in REST API DELETE method,Cosine (τ=1.0),3,CVE-2024-21796,(no title),0.836968
18,improper access control in REST API DELETE method,Cosine (τ=1.0),4,CVE-2019-0804,(no title),0.835718
18,improper access control in REST API DELETE method,Cosine (τ=1.0),5,CVE-2026-25963,Fleet: Authorization Bypass in certificate template batch deletion for team administrators,0.835202
18,improper access control in REST API DELETE method,Cosine (τ=1.0),6,CVE-2018-1256,(no title),0.835021
18,improper access control in REST API DELETE method,Cosine (τ=1.0),7,CVE-2018-0238,(no title),0.834696
18,improper access control in REST API DELETE method,Cosine (τ=1.0),8,CVE-2008-6706,(no title),0.833542
18,improper access control in REST API DELETE method,Cosine (τ=1.0),9,CVE-2015-7494,(no title),0.832122
18,improper access control in REST API DELETE method,Cosine (τ=1.0),10,CVE-2025-20286,ISE on AWS Static Credential,0.832020
18,improper access control in REST API DELETE method,Cosine (τ=1.0),11,CVE-2022-23670,(no title),0.830778
18,improper access control in REST API DELETE method,Cosine (τ=1.0),12,CVE-2024-45164,(no title),0.830033
18,improper access control in REST API DELETE method,Cosine (τ=1.0),13,CVE-2020-26814,(no title),0.829579
18,improper access control in REST API DELETE method,Cosine (τ=1.0),14,CVE-2022-23671,(no title),0.828902
18,improper access control in REST API DELETE method,Cosine (τ=1.0),15,CVE-2021-22048,(no title),0.828738
18,improper access control in REST API DELETE method,Hybrid (τ=0.72),1,CVE-2020-2021,PAN-OS: Authentication Bypass in SAML Authentication,0.886225
18,improper access control in REST API DELETE method,Hybrid (τ=0.72),2,CVE-2015-6420,(no title),0.886027
18,improper access control in REST API DELETE method,Hybrid (τ=0.72),3,CVE-2024-21796,(no title),0.882588
18,improper access control in REST API DELETE method,Hybrid (τ=0.72),4,CVE-2019-0804,(no title),0.881673
18,improper access control in REST API DELETE method,Hybrid (τ=0.72),5,CVE-2018-1256,(no title),0.881204
18,improper access control in REST API DELETE method,Hybrid (τ=0.72),6,CVE-2026-25963,Fleet: Authorization Bypass in certificate template batch deletion for team administrators,0.881185
18,improper access control in REST API DELETE method,Hybrid (τ=0.72),7,CVE-2018-0238,(no title),0.880929
18,improper access control in REST API DELETE method,Hybrid (τ=0.72),8,CVE-2008-6706,(no title),0.880082
18,improper access control in REST API DELETE method,Hybrid (τ=0.72),9,CVE-2015-7494,(no title),0.879114
18,improper access control in REST API DELETE method,Hybrid (τ=0.72),10,CVE-2025-20286,ISE on AWS Static Credential,0.878984
18,improper access control in REST API DELETE method,Hybrid (τ=0.72),11,CVE-2022-23670,(no title),0.878099
18,improper access control in REST API DELETE method,Hybrid (τ=0.72),12,CVE-2024-45164,(no title),0.877611
18,improper access control in REST API DELETE method,Hybrid (τ=0.72),13,CVE-2020-26814,(no title),0.877100
18,improper access control in REST API DELETE method,Hybrid (τ=0.72),14,CVE-2022-23671,(no title),0.876753
18,improper access control in REST API DELETE method,Hybrid (τ=0.72),15,CVE-2021-22048,(no title),0.876684
18,improper access control in REST API DELETE method,Taumode (τ=0.42),1,CVE-2020-2021,PAN-OS: Authentication Bypass in SAML Authentication,0.933548
18,improper access control in REST API DELETE method,Taumode (τ=0.42),2,CVE-2015-6420,(no title),0.933457
18,improper access control in REST API DELETE method,Taumode (τ=0.42),3,CVE-2024-21796,(no title),0.931467
18,improper access control in REST API DELETE method,Taumode (τ=0.42),4,CVE-2019-0804,(no title),0.930910
18,improper access control in REST API DELETE method,Taumode (τ=0.42),5,CVE-2018-1256,(no title),0.930685
18,improper access control in REST API DELETE method,Taumode (τ=0.42),6,CVE-2018-0238,(no title),0.930465
18,improper access control in REST API DELETE method,Taumode (τ=0.42),7,CVE-2026-25963,Fleet: Authorization Bypass in certificate template batch deletion for team administrators,0.930452
18,improper access control in REST API DELETE method,Taumode (τ=0.42),8,CVE-2008-6706,(no title),0.929946
18,improper access control in REST API DELETE method,Taumode (τ=0.42),9,CVE-2015-7494,(no title),0.929462
18,improper access control in REST API DELETE method,Taumode (τ=0.42),10,CVE-2025-20286,ISE on AWS Static Credential,0.929301
18,improper access control in REST API DELETE method,Taumode (τ=0.42),11,CVE-2022-23670,(no title),0.928799
18,improper access control in REST API DELETE method,Taumode (τ=0.42),12,CVE-2024-45164,(no title),0.928588
18,improper access control in REST API DELETE method,Taumode (τ=0.42),13,CVE-2021-22048,(no title),0.928055
18,improper access control in REST API DELETE method,Taumode (τ=0.42),14,CVE-2022-23671,(no title),0.928022
18,improper access control in REST API DELETE method,Taumode (τ=0.42),15,CVE-2020-26814,(no title),0.928016
